"CMPLNT_NUM","ADDR_PCT_CD","BORO_NM","CMPLNT_FR_DT","CMPLNT_FR_TM","CMPLNT_TO_DT","CMPLNT_TO_TM","CRM_ATPT_CPTD_CD","HADEVELOPT","HOUSING_PSA","JURISDICTION_CODE","JURIS_DESC","KY_CD","LAW_CAT_CD","LOC_OF_OCCUR_DESC","OFNS_DESC","PARKS_NM","PATROL_BORO","PD_CD","PD_DESC","PREM_TYP_DESC","RPT_DT","STATION_NAME","SUSP_AGE_GROUP","SUSP_RACE","SUSP_SEX","TRANSIT_DISTRICT","VIC_AGE_GROUP","VIC_RACE","VIC_SEX","X_COORD_CD","Y_COORD_CD","Latitude","Longitude","Lat_Lon","New Georeferenced Column"
"307449461","121","STATEN ISLAND","05/31/2025","23:31:00","06/01/2025","01:09:00","COMPLETED","(null)",,"97","OTHER","114","FELONY","OPPOSITE OF","ARSON","(null)","PATROL BORO STATEN ISLAND","264","ARSON, MOTOR VEHICLE 1 2 3 & 4","PARKING LOT/GARAGE (PRIVATE)","06/03/2025","(null)","UNKNOWN","UNKNOWN","U",,"45-64","WHITE","M","942556","171417","40.637088","-74.150224","(40.637088, -74.150224)","POINT (-74.150224 40.637088)"
"304514797","123","STATEN ISLAND","01/10/2025","00:51:00","01/10/2025","01:18:00","COMPLETED","(null)",,"97","OTHER","114","FELONY","FRONT OF","ARSON","(null)","PATROL BORO STATEN ISLAND","264","ARSON, MOTOR VEHICLE 1 2 3 & 4","STREET","04/09/2025","(null)","UNKNOWN","UNKNOWN","U",,"45-64","WHITE","M","935208","139528","40.549522","-74.176469","(40.549522, -74.176469)","POINT (-74.176469 40.549522)"
"304847615","120","STATEN ISLAND","04/16/2025","13:04:00","04/16/2025","13:25:00","COMPLETED","(null)",,"97","OTHER","114","FELONY","REAR OF","ARSON","(null)","PATROL BORO STATEN ISLAND","263","ARSON 2,3,4","RESIDENCE-HOUSE","04/16/2025","(null)","25-44","WHITE HISPANIC","M",,"UNKNOWN","UNKNOWN","M","952307","171672","40.637828","-74.115095","(40.637828, -74.115095)","POINT (-74.115095 40.637828)"
"313407936","122","STATEN ISLAND","09/24/2025","01:00:00","09/24/2025","01:10:00","COMPLETED","(null)",,"0","N.Y. POLICE DEPT","114","FELONY","INSIDE","ARSON","(null)","PATROL BORO STATEN ISLAND","263","ARSON 2,3,4","RESIDENCE - APT. HOUSE","09/24/2025","(null)","(null)","(null)","(null)",,"UNKNOWN","UNKNOWN","D","953146","145289","40.565414","-74.11195","(40.565414, -74.11195)","POINT (-74.11195 40.565414)"
"312100974","123","STATEN ISLAND","08/29/2025","17:30:00","08/29/2025","18:15:00","COMPLETED","(null)",,"0","N.Y. POLICE DEPT","114","FELONY","REAR OF","ARSON","(null)","PATROL BORO STATEN ISLAND","263","ARSON 2,3,4","RESIDENCE-HOUSE","08/29/2025","(null)","<18","BLACK","U",,"45-64","WHITE","M","935100","129213","40.521207","-74.176782","(40.521207, -74.176782)","POINT (-74.176782 40.521207)"
"302104189","123","STATEN ISLAND","03/04/2025","20:50:00","03/04/2025","21:10:00","COMPLETED","(null)",,"0","N.Y. POLICE DEPT","114","FELONY","FRONT OF","ARSON","(null)","PATROL BORO STATEN ISLAND","264","ARSON, MOTOR VEHICLE 1 2 3 & 4","RESIDENCE-HOUSE","03/04/2025","(null)","UNKNOWN","UNKNOWN","M",,"45-64","WHITE","M","929816","126687","40.514245","-74.195767","(40.514245, -74.195767)","POINT (-74.195767 40.514245)"
"309440112","120","STATEN ISLAND","07/04/2025","19:45:00","07/04/2025","23:30:00","COMPLETED","(null)",,"0","N.Y. POLICE DEPT","114","FELONY","OPPOSITE OF","ARSON","(null)","PATROL BORO STATEN ISLAND","264","ARSON, MOTOR VEHICLE 1 2 3 & 4","STREET","07/05/2025","(null)","UNKNOWN","UNKNOWN","U",,"25-44","ASIAN / PACIFIC ISLANDER","M","951456","170457","40.634492","-74.118153","(40.634492, -74.118153)","POINT (-74.118153 40.634492)"
"313014374","123","STATEN ISLAND","09/15/2025","19:37:00","09/15/2025","19:59:00","COMPLETED","(null)",,"0","N.Y. POLICE DEPT","114","FELONY","REAR OF","ARSON","(null)","PATROL BORO STATEN ISLAND","264","ARSON, MOTOR VEHICLE 1 2 3 & 4","OPEN AREAS (OPEN LOTS)","09/16/2025","(null)","UNKNOWN","UNKNOWN","U",,"45-64","WHITE HISPANIC","M","917711","131579","40.527591","-74.239349","(40.527591, -74.239349)","POINT (-74.239349 40.527591)"
"307476369","121","STATEN ISLAND","06/02/2025","23:00:00","06/03/2025","01:00:00","COMPLETED","(null)",,"0","N.Y. POLICE DEPT","114","FELONY","FRONT OF","ARSON","(null)","PATROL BORO STATEN ISLAND","264","ARSON, MOTOR VEHICLE 1 2 3 & 4","STREET","06/03/2025","(null)","UNKNOWN","UNKNOWN","U",,"45-64","WHITE","M","939721","155394","40.593093","-74.160333","(40.593093, -74.160333)","POINT (-74.160333 40.593093)"
"311702362","123","STATEN ISLAND","05/31/2025","00:16:00","05/31/2025","01:16:00","COMPLETED","(null)",,"97","OTHER","114","FELONY","INSIDE","ARSON","(null)","PATROL BORO STATEN ISLAND","263","ARSON 2,3,4","RESIDENCE-HOUSE","08/23/2025","(null)","(null)","(null)","(null)",,"UNKNOWN","UNKNOWN","M","922548","128384","40.518855","-74.221922","(40.518855, -74.221922)","POINT (-74.221922 40.518855)"
"299804171","120","STATEN ISLAND","01/14/2025","07:21:00","01/14/2025","07:51:00","COMPLETED","(null)",,"97","OTHER","114","FELONY","INSIDE","ARSON","(null)","PATROL BORO STATEN ISLAND","263","ARSON 2,3,4","RESIDENCE - APT. HOUSE","01/21/2025","(null)","UNKNOWN","UNKNOWN","U",,"UNKNOWN","UNKNOWN","F","960913","165939","40.622118","-74.084064","(40.622118, -74.084064)","POINT (-74.084064 40.622118)"
"309000074","72","BROOKLYN","06/21/2025","00:48:00","06/21/2025","02:00:00","COMPLETED","(null)",,"97","OTHER","114","FELONY","FRONT OF","ARSON","(null)","PATROL BORO BKLYN SOUTH","263","ARSON 2,3,4","COMMERCIAL BUILDING","07/02/2025","(null)","(null)","(null)","(null)",,"UNKNOWN","UNKNOWN","D","980200","175909","40.649514","-74.014595","(40.649514, -74.014595)","POINT (-74.014595 40.649514)"
"312435483","120","STATEN ISLAND","09/05/2025","23:12:00","09/05/2025","23:20:00","COMPLETED","(null)",,"0","N.Y. POLICE DEPT","114","FELONY","FRONT OF","ARSON","(null)","PATROL BORO STATEN ISLAND","264","ARSON, MOTOR VEHICLE 1 2 3 & 4","STREET","09/05/2025","(null)","25-44","WHITE HISPANIC","M",,"45-64","UNKNOWN","F","963729","168399","40.628879","-74.07393","(40.628879, -74.07393)","POINT (-74.07393 40.628879)"
"304587659","120","STATEN ISLAND","04/10/2025","08:30:00","04/10/2025","10:30:00","COMPLETED","(null)",,"97","OTHER","114","FELONY","REAR OF","ARSON","(null)","PATROL BORO STATEN ISLAND","264","ARSON, MOTOR VEHICLE 1 2 3 & 4","RESIDENCE-HOUSE","04/11/2025","(null)","25-44","WHITE","M",,"25-44","UNKNOWN","F","964487","159800","40.605278","-74.071173","(40.605278, -74.071173)","POINT (-74.071173 40.605278)"
"301779445","76","BROOKLYN","02/26/2025","22:30:00","02/26/2025","22:54:00","COMPLETED","(null)","268","2","N.Y. HOUSING POLICE","114","FELONY","INSIDE","ARSON","(null)","PATROL BORO BKLYN SOUTH","263","ARSON 2,3,4","RESIDENCE - PUBLIC HOUSING","02/27/2025","(null)","UNKNOWN","UNKNOWN","U",,"18-24","UNKNOWN","M","981842","185678","40.67633","-74.008682","(40.67633, -74.008682)","POINT (-74.008682 40.67633)"
"299362759","1","MANHATTAN","01/10/2025","02:46:00","01/10/2025","03:21:00","COMPLETED","(null)",,"0","N.Y. POLICE DEPT","114","FELONY","FRONT OF","ARSON","(null)","PATROL BORO MAN SOUTH","264","ARSON, MOTOR VEHICLE 1 2 3 & 4","STREET","01/13/2025","(null)","UNKNOWN","UNKNOWN","U",,"25-44","WHITE","M","982024","199196","40.713434","-74.00803","(40.713434, -74.00803)","POINT (-74.00803 40.713434)"
"308607029","10","MANHATTAN","06/20/2025","16:20:00",,"(null)","COMPLETED","(null)","553","2","N.Y. HOUSING POLICE","114","FELONY","INSIDE","ARSON","(null)","PATROL BORO MAN SOUTH","263","ARSON 2,3,4","RESIDENCE - PUBLIC HOUSING","06/25/2025","(null)","(null)","(null)","(null)",,"UNKNOWN","UNKNOWN","E","983737","212230","40.749208","-74.00185","(40.749208, -74.00185)","POINT (-74.00185 40.749208)"
"310456505","10","MANHATTAN","07/29/2025","12:00:00","07/30/2025","00:00:00","COMPLETED","(null)",,"0","N.Y. POLICE DEPT","114","FELONY","OPPOSITE OF","ARSON","(null)","PATROL BORO MAN SOUTH","264","ARSON, MOTOR VEHICLE 1 2 3 & 4","STREET","07/30/2025","(null)","UNKNOWN","UNKNOWN","U",,"25-44","WHITE","M","983746","211928","40.748379","-74.001818","(40.748379, -74.001818)","POINT (-74.001818 40.748379)"
"305774681","6","MANHATTAN","04/28/2025","02:55:00","04/28/2025","03:05:00","COMPLETED","(null)",,"0","N.Y. POLICE DEPT","114","FELONY","FRONT OF","ARSON","(null)","PATROL BORO MAN SOUTH","264","ARSON, MOTOR VEHICLE 1 2 3 & 4","STREET","05/03/2025","(null)","(null)","(null)","(null)",,"65+","WHITE","F","983894","208270","40.738339","-74.001283","(40.738339, -74.001283)","POINT (-74.001283 40.738339)"
"304796387","62","BROOKLYN","01/12/2025","16:18:00","01/13/2025","00:22:00","COMPLETED","(null)",,"0","N.Y. POLICE DEPT","114","FELONY","INSIDE","ARSON","(null)","PATROL BORO BKLYN SOUTH","263","ARSON 2,3,4","RESIDENCE-HOUSE","04/15/2025","(null)","(null)","(null)","(null)",,"UNKNOWN","UNKNOWN","D","983567","157858","40.599969","-74.002461","(40.599969, -74.002461)","POINT (-74.002461 40.599969)"
"311316293","10","MANHATTAN","08/16/2025","06:03:00","08/16/2025","06:10:00","COMPLETED","(null)",,"97","OTHER","114","FELONY","FRONT OF","ARSON","(null)","PATROL BORO MAN SOUTH","264","ARSON, MOTOR VEHICLE 1 2 3 & 4","STREET","08/16/2025","(null)","UNKNOWN","UNKNOWN","M",,"25-44","AMERICAN INDIAN/ALASKAN NATIVE","M","983746","211928","40.748379","-74.001818","(40.748379, -74.001818)","POINT (-74.001818 40.748379)"
"307918965","10","MANHATTAN","06/09/2025","23:27:00","06/10/2025","00:19:00","COMPLETED","(null)","553","2","N.Y. HOUSING POLICE","114","FELONY","INSIDE","ARSON","(null)","PATROL BORO MAN SOUTH","263","ARSON 2,3,4","RESIDENCE - PUBLIC HOUSING","06/11/2025","(null)","(null)","(null)","(null)",,"UNKNOWN","UNKNOWN","E","983746","211928","40.748379","-74.001818","(40.748379, -74.001818)","POINT (-74.001818 40.748379)"
"313039565","66","BROOKLYN","09/15/2025","18:03:00","09/15/2025","18:39:00","COMPLETED","(null)",,"97","OTHER","114","FELONY","INSIDE","ARSON","(null)","PATROL BORO BKLYN SOUTH","264","ARSON, MOTOR VEHICLE 1 2 3 & 4","RESIDENCE - APT. HOUSE","09/17/2025","(null)","(null)","(null)","(null)",,"65+","ASIAN / PACIFIC ISLANDER","M","983463","173157","40.641963","-74.002836","(40.641963, -74.002836)","POINT (-74.002836 40.641963)"
"307932056","13","MANHATTAN","05/30/2025","04:05:00","05/30/2025","04:21:00","COMPLETED","(null)",,"97","OTHER","114","FELONY","FRONT OF","ARSON","(null)","PATROL BORO MAN SOUTH","263","ARSON 2,3,4","RESIDENCE - APT. HOUSE","06/11/2025","(null)","(null)","(null)","(null)",,"UNKNOWN","UNKNOWN","D","985592","209686","40.742225","-73.995158","(40.742225, -73.995158)","POINT (-73.995158 40.742225)"
"310419897","5","MANHATTAN","07/30/2025","01:33:00","07/30/2025","02:52:00","COMPLETED","(null)",,"0","N.Y. POLICE DEPT","114","FELONY","FRONT OF","ARSON","(null)","PATROL BORO MAN SOUTH","264","ARSON, MOTOR VEHICLE 1 2 3 & 4","STREET","07/30/2025","(null)","25-44","BLACK","F",,"UNKNOWN","UNKNOWN","E","985022","199087","40.713135","-73.997214","(40.713135, -73.997214)","POINT (-73.997214 40.713135)"
"312905678","66","BROOKLYN","09/15/2025","02:00:00","09/15/2025","02:11:00","COMPLETED","(null)",,"0","N.Y. POLICE DEPT","114","FELONY","FRONT OF","ARSON","(null)","PATROL BORO BKLYN SOUTH","264","ARSON, MOTOR VEHICLE 1 2 3 & 4","STREET","09/15/2025","(null)","18-24","BLACK HISPANIC","M",,"UNKNOWN","UNKNOWN","E","985479","169233","40.63119","-73.99557","(40.63119, -73.99557)","POINT (-73.99557 40.63119)"
"301549499","14","MANHATTAN","02/19/2025","08:31:00","02/19/2025","08:52:00","COMPLETED","(null)",,"97","OTHER","114","FELONY","INSIDE","ARSON","(null)","PATROL BORO MAN SOUTH","263","ARSON 2,3,4","RESIDENCE - APT. HOUSE","02/23/2025","(null)","(null)","(null)","(null)",,"UNKNOWN","UNKNOWN","M","985970","215012","40.756844","-73.993792","(40.756844, -73.993792)","POINT (-73.993792 40.756844)"
"312259861","66","BROOKLYN","09/02/2025","23:30:00","09/02/2025","23:46:00","COMPLETED","(null)",,"97","OTHER","114","FELONY","INSIDE","ARSON","(null)","PATROL BORO BKLYN SOUTH","264","ARSON, MOTOR VEHICLE 1 2 3 & 4","PRIVATE/PAROCHIAL SCHOOL","09/03/2025","(null)","UNKNOWN","UNKNOWN","U",,"UNKNOWN","UNKNOWN","D","985632","170440","40.634505","-73.99502","(40.634505, -73.99502)","POINT (-73.99502 40.634505)"
"303104284","7","MANHATTAN","03/18/2025","16:00:00","03/18/2025","18:00:00","ATTEMPTED","(null)",,"0","N.Y. POLICE DEPT","114","FELONY","INSIDE","ARSON","(null)","PATROL BORO MAN SOUTH","263","ARSON 2,3,4","RESIDENCE - APT. HOUSE","03/18/2025","(null)","UNKNOWN","BLACK","M",,"UNKNOWN","UNKNOWN","D","987294","199464","40.714168","-73.989021","(40.714168, -73.989021)","POINT (-73.989021 40.714168)"
"302061537","5","MANHATTAN","03/04/2025","22:32:00","03/04/2025","22:33:00","COMPLETED","(null)",,"0","N.Y. POLICE DEPT","114","FELONY","FRONT OF","ARSON","(null)","PATROL BORO MAN SOUTH","263","ARSON 2,3,4","HOSPITAL","03/04/2025","(null)","UNKNOWN","WHITE","M",,"UNKNOWN","UNKNOWN","D","986726","201918","40.720905","-73.991069","(40.720905, -73.991069)","POINT (-73.991069 40.720905)"
"302212941","7","MANHATTAN","01/01/2025","16:50:00","01/01/2025","17:10:00","ATTEMPTED","(null)",,"1","N.Y. TRANSIT POLICE","114","FELONY","(null)","ARSON","(null)","PATROL BORO MAN SOUTH","263","ARSON 2,3,4","TRANSIT - NYC SUBWAY","03/07/2025","EAST BROADWAY","UNKNOWN","UNKNOWN","U","4","UNKNOWN","UNKNOWN","E","986970","199426","40.71405458712","-73.99018838206","(40.714054587119456, -73.99018838205971)","POINT (-73.99018838205971 40.714054587119456)"
"302437570","7","MANHATTAN","03/10/2025","21:20:00","03/10/2025","21:40:00","COMPLETED","(null)","575","2","N.Y. HOUSING POLICE","114","FELONY","INSIDE","ARSON","(null)","PATROL BORO MAN SOUTH","263","ARSON 2,3,4","RESIDENCE - PUBLIC HOUSING","03/11/2025","(null)","(null)","(null)","(null)",,"UNKNOWN","UNKNOWN","E","987481","198515","40.711564","-73.988344","(40.711564, -73.988344)","POINT (-73.988344 40.711564)"
"309771490","78","BROOKLYN","07/17/2025","05:55:00","07/17/2025","06:10:00","COMPLETED","(null)",,"97","OTHER","114","FELONY","FRONT OF","ARSON","(null)","PATROL BORO BKLYN SOUTH","264","ARSON, MOTOR VEHICLE 1 2 3 & 4","STREET","07/17/2025","(null)","UNKNOWN","UNKNOWN","M",,"45-64","WHITE","M","987687","186576","40.678794","-73.987609","(40.678794, -73.987609)","POINT (-73.987609 40.678794)"
"299262362","60","BROOKLYN","01/11/2025","10:00:00","01/11/2025","10:19:00","COMPLETED","(null)",,"0","N.Y. POLICE DEPT","114","FELONY","INSIDE","ARSON","(null)","PATROL BORO BKLYN SOUTH","263","ARSON 2,3,4","RESIDENCE - APT. HOUSE","01/11/2025","(null)","25-44","ASIAN / PACIFIC ISLANDER","M",,"UNKNOWN","UNKNOWN","D","987616","152479","40.585205","-73.987881","(40.585205, -73.987881)","POINT (-73.987881 40.585205)"
"301179933","66","BROOKLYN","02/05/2025","15:50:00","02/05/2025","16:50:00","COMPLETED","(null)",,"97","OTHER","114","FELONY","INSIDE","ARSON","(null)","PATROL BORO BKLYN SOUTH","263","ARSON 2,3,4","SYNAGOGUE","02/16/2025","(null)","UNKNOWN","UNKNOWN","U",,"UNKNOWN","UNKNOWN","M","987705","168465","40.629084","-73.987552","(40.629084, -73.987552)","POINT (-73.987552 40.629084)"
"304730991","60","BROOKLYN","10/09/2024","00:19:00","10/09/2024","00:47:00","COMPLETED","(null)",,"97","OTHER","114","FELONY","FRONT OF","ARSON","(null)","PATROL BORO BKLYN SOUTH","264","ARSON, MOTOR VEHICLE 1 2 3 & 4","GAS STATION","04/14/2025","(null)","(null)","(null)","(null)",,"UNKNOWN","UNKNOWN","F","987619","150091","40.578649","-73.98787","(40.578649, -73.98787)","POINT (-73.98787 40.578649)"
"309776170","78","BROOKLYN","07/16/2025","05:55:00","07/16/2025","06:10:00","COMPLETED","(null)",,"97","OTHER","114","FELONY","FRONT OF","ARSON","(null)","PATROL BORO BKLYN SOUTH","264","ARSON, MOTOR VEHICLE 1 2 3 & 4","STREET","07/17/2025","(null)","UNKNOWN","UNKNOWN","M",,"45-64","WHITE","M","987687","186576","40.678794","-73.987609","(40.678794, -73.987609)","POINT (-73.987609 40.678794)"
"301516215","13","MANHATTAN","02/21/2025","08:50:00","02/21/2025","09:10:00","COMPLETED","(null)",,"97","OTHER","114","FELONY","INSIDE","ARSON","(null)","PATROL BORO MAN SOUTH","264","ARSON, MOTOR VEHICLE 1 2 3 & 4","RESIDENCE - APT. HOUSE","02/22/2025","(null)","UNKNOWN","BLACK","M",,"UNKNOWN","UNKNOWN","D","987991","210461","40.744353","-73.986498","(40.744353, -73.986498)","POINT (-73.986498 40.744353)"
"301726304","13","MANHATTAN","02/22/2025","08:15:00","02/22/2025","08:40:00","COMPLETED","(null)",,"0","N.Y. POLICE DEPT","114","FELONY","INSIDE","ARSON","(null)","PATROL BORO MAN SOUTH","263","ARSON 2,3,4","RESIDENCE - APT. HOUSE","02/26/2025","(null)","UNKNOWN","BLACK","M",,"UNKNOWN","UNKNOWN","D","987991","210461","40.744353","-73.986498","(40.744353, -73.986498)","POINT (-73.986498 40.744353)"
"308065838","84","BROOKLYN","06/14/2025","07:00:00","06/14/2025","07:45:00","COMPLETED","(null)",,"0","N.Y. POLICE DEPT","114","FELONY","INSIDE","ARSON","(null)","PATROL BORO BKLYN NORTH","263","ARSON 2,3,4","RESIDENCE - APT. HOUSE","06/14/2025","(null)","45-64","BLACK","M",,"UNKNOWN","UNKNOWN","D","987764","194335","40.700089","-73.987325","(40.700089, -73.987325)","POINT (-73.987325 40.700089)"
"309847307","14","MANHATTAN","07/16/2025","05:02:00","07/16/2025","05:15:00","COMPLETED","(null)",,"0","N.Y. POLICE DEPT","114","FELONY","FRONT OF","ARSON","(null)","PATROL BORO MAN SOUTH","263","ARSON 2,3,4","STREET","07/18/2025","(null)","UNKNOWN","WHITE","F",,"25-44","BLACK HISPANIC","M","988401","210676","40.744944","-73.98502","(40.744944, -73.98502)","POINT (-73.98502 40.744944)"
"309719706","78","BROOKLYN","07/16/2025","02:45:00","07/16/2025","02:50:00","COMPLETED","(null)",,"0","N.Y. POLICE DEPT","114","FELONY","INSIDE","ARSON","(null)","PATROL BORO BKLYN SOUTH","263","ARSON 2,3,4","STREET","07/16/2025","(null)","UNKNOWN","BLACK","M",,"UNKNOWN","UNKNOWN","D","988774","185730","40.676472","-73.983688","(40.676472, -73.983688)","POINT (-73.983688 40.676472)"
"299183433","14","MANHATTAN","12/27/2024","23:47:00","12/28/2024","00:19:00","COMPLETED","(null)",,"0","N.Y. POLICE DEPT","114","FELONY","REAR OF","ARSON","(null)","PATROL BORO MAN SOUTH","263","ARSON 2,3,4","COLLEGE/UNIVERSITY","01/09/2025","(null)","UNKNOWN","UNKNOWN","M",,"UNKNOWN","UNKNOWN","D","988840","213570","40.752884","-73.983434","(40.752884, -73.983434)","POINT (-73.983434 40.752884)"
"306157995","84","BROOKLYN","04/13/2025","19:03:00","04/13/2025","22:59:00","COMPLETED","(null)","463","2","N.Y. HOUSING POLICE","114","FELONY","FRONT OF","ARSON","(null)","PATROL BORO BKLYN NORTH","263","ARSON 2,3,4","RESIDENCE - PUBLIC HOUSING","05/09/2025","(null)","(null)","(null)","(null)",,"UNKNOWN","UNKNOWN","D","988512","194245","40.699842","-73.984629","(40.699842, -73.984629)","POINT (-73.984629 40.699842)"
"308699679","14","MANHATTAN","06/25/2025","08:45:00",,"(null)","COMPLETED","(null)",,"0","N.Y. POLICE DEPT","114","FELONY","INSIDE","ARSON","(null)","PATROL BORO MAN SOUTH","263","ARSON 2,3,4","DRUG STORE","06/26/2025","(null)","25-44","UNKNOWN","F",,"UNKNOWN","UNKNOWN","D","988594","212074","40.748779","-73.98432","(40.748779, -73.98432)","POINT (-73.98432 40.748779)"
"313088164","13","MANHATTAN","09/13/2025","22:36:00","09/13/2025","23:00:00","COMPLETED","(null)",,"97","OTHER","114","FELONY","FRONT OF","ARSON","(null)","PATROL BORO MAN SOUTH","263","ARSON 2,3,4","STREET","09/17/2025","(null)","UNKNOWN","UNKNOWN","U",,"UNKNOWN","UNKNOWN","D","988674","209053","40.740487","-73.984036","(40.740487, -73.984036)","POINT (-73.984036 40.740487)"
"309087276","66","BROOKLYN","07/01/2025","00:52:00","07/01/2025","01:20:00","COMPLETED","(null)",,"0","N.Y. POLICE DEPT","114","FELONY","FRONT OF","ARSON","(null)","PATROL BORO BKLYN SOUTH","264","ARSON, MOTOR VEHICLE 1 2 3 & 4","STREET","07/04/2025","(null)","(null)","(null)","(null)",,"65+","WHITE","M","990666","171760","40.638126","-73.976881","(40.638126, -73.976881)","POINT (-73.976881 40.638126)"
"301419202","14","MANHATTAN","02/20/2025","15:42:00","02/20/2025","15:56:00","ATTEMPTED","(null)",,"0","N.Y. POLICE DEPT","114","FELONY","INSIDE","ARSON","(null)","PATROL BORO MAN SOUTH","263","ARSON 2,3,4","FAST FOOD","02/20/2025","(null)","25-44","BLACK","M",,"45-64","WHITE HISPANIC","F","989767","213666","40.753149","-73.980088","(40.753149, -73.980088)","POINT (-73.980088 40.753149)"
"312887785","17","MANHATTAN","09/14/2025","17:40:00","09/14/2025","17:48:00","ATTEMPTED","(null)",,"0","N.Y. POLICE DEPT","114","FELONY","OPPOSITE OF","ARSON","(null)","PATROL BORO MAN SOUTH","264","ARSON, MOTOR VEHICLE 1 2 3 & 4","STREET","09/14/2025","(null)","25-44","WHITE","M",,"UNKNOWN","UNKNOWN","D","992274","211078","40.746042","-73.971043","(40.746042, -73.971043)","POINT (-73.971043 40.746042)"
"301238925","88","BROOKLYN","02/17/2025","07:40:00","02/17/2025","08:25:00","COMPLETED","(null)","527","2","N.Y. HOUSING POLICE","114","FELONY","INSIDE","ARSON","(null)","PATROL BORO BKLYN NORTH","263","ARSON 2,3,4","RESIDENCE - PUBLIC HOUSING","02/17/2025","(null)","UNKNOWN","UNKNOWN","U",,"45-64","BLACK","F","991652","192532","40.695138","-73.973307","(40.695138, -73.973307)","POINT (-73.973307 40.695138)"
"306978085","20","MANHATTAN","05/20/2025","21:20:00","05/20/2025","22:00:00","COMPLETED","(null)",,"97","OTHER","114","FELONY","FRONT OF","ARSON","(null)","PATROL BORO MAN NORTH","264","ARSON, MOTOR VEHICLE 1 2 3 & 4","STREET","05/24/2025","(null)","(null)","(null)","(null)",,"UNKNOWN","UNKNOWN","M","991424","225785","40.786412","-73.974094","(40.786412, -73.974094)","POINT (-73.974094 40.786412)"
"298714557","9","MANHATTAN","01/01/2025","01:34:00",,"(null)","COMPLETED","RIIS II","73257","2","N.Y. HOUSING POLICE","114","FELONY","FRONT OF","ARSON","(null)","PATROL BORO MAN SOUTH","263","ARSON 2,3,4","RESIDENCE - PUBLIC HOUSING","01/01/2025","(null)","(null)","(null)","(null)",,"UNKNOWN","BLACK","E","990831","202826","40.723393","-73.976257","(40.723393, -73.976257)","POINT (-73.976257 40.723393)"
"311590497","88","BROOKLYN","08/20/2025","04:35:00","08/20/2025","05:10:00","COMPLETED","(null)",,"97","OTHER","114","FELONY","OPPOSITE OF","ARSON","(null)","PATROL BORO BKLYN NORTH","264","ARSON, MOTOR VEHICLE 1 2 3 & 4","STREET","08/21/2025","(null)","(null)","(null)","(null)",,"25-44","UNKNOWN","M","992886","188143","40.68309","-73.968862","(40.68309, -73.968862)","POINT (-73.968862 40.68309)"
"310944555","88","BROOKLYN","08/08/2025","05:21:00","08/08/2025","05:55:00","COMPLETED","(null)",,"0","N.Y. POLICE DEPT","114","FELONY","FRONT OF","ARSON","(null)","PATROL BORO BKLYN NORTH","264","ARSON, MOTOR VEHICLE 1 2 3 & 4","STREET","08/09/2025","(null)","UNKNOWN","UNKNOWN","U",,"UNKNOWN","UNKNOWN","F","991724","192055","40.693829","-73.973048","(40.693829, -73.973048)","POINT (-73.973048 40.693829)"
"305587843","18","MANHATTAN","04/28/2025","07:10:00","04/28/2025","07:30:00","COMPLETED","(null)",,"97","OTHER","114","FELONY","INSIDE","ARSON","(null)","PATROL BORO MAN SOUTH","263","ARSON 2,3,4","CHAIN STORE","04/30/2025","(null)","UNKNOWN","UNKNOWN","U",,"UNKNOWN","UNKNOWN","D","991662","217612","40.763977","-73.973241","(40.763977, -73.973241)","POINT (-73.973241 40.763977)"
"311638750","88","BROOKLYN","08/20/2025","05:11:00","08/20/2025","05:16:00","COMPLETED","(null)",,"97","OTHER","114","FELONY","FRONT OF","ARSON","(null)","PATROL BORO BKLYN NORTH","263","ARSON 2,3,4","RESIDENCE-HOUSE","08/22/2025","(null)","UNKNOWN","UNKNOWN","M",,"UNKNOWN","UNKNOWN","M","993485","187940","40.682534","-73.966705","(40.682534, -73.966705)","POINT (-73.966705 40.682534)"
"311549878","77","BROOKLYN","08/20/2025","05:10:00","08/20/2025","05:43:00","COMPLETED","(null)",,"97","OTHER","114","FELONY","FRONT OF","ARSON","(null)","PATROL BORO BKLYN NORTH","263","ARSON 2,3,4","RESIDENCE - APT. HOUSE","08/20/2025","(null)","UNKNOWN","BLACK","M",,"25-44","WHITE","M","993615","187258","40.680663","-73.966236","(40.680663, -73.966236)","POINT (-73.966236 40.680663)"
"303626246","61","BROOKLYN","03/22/2025","15:12:00","03/22/2025","16:13:00","COMPLETED","(null)",,"97","OTHER","114","FELONY","INSIDE","ARSON","(null)","PATROL BORO BKLYN SOUTH","263","ARSON 2,3,4","RESIDENCE - APT. HOUSE","03/25/2025","(null)","UNKNOWN","UNKNOWN","M",,"UNKNOWN","WHITE","M","993279","160911","40.608345","-73.967481","(40.608345, -73.967481)","POINT (-73.967481 40.608345)"
"312838131","70","BROOKLYN","09/12/2025","19:11:00","09/12/2025","19:21:00","COMPLETED","(null)",,"0","N.Y. POLICE DEPT","114","FELONY","(null)","ARSON","(null)","PATROL BORO BKLYN SOUTH","264","ARSON, MOTOR VEHICLE 1 2 3 & 4","STREET","09/12/2025","(null)","UNKNOWN","UNKNOWN","U",,"25-44","BLACK","F","993445","173940","40.64409693","-73.96686645","(40.64409693, -73.96686645)","POINT (-73.96686645 40.64409693)"
"310727465","19","MANHATTAN","06/28/2025","05:27:00","06/28/2025","05:54:00","COMPLETED","(null)",,"97","OTHER","114","FELONY","FRONT OF","ARSON","(null)","PATROL BORO MAN NORTH","264","ARSON, MOTOR VEHICLE 1 2 3 & 4","STREET","08/05/2025","(null)","(null)","(null)","(null)",,"UNKNOWN","UNKNOWN","M","993582","221069","40.773465","-73.966307","(40.773465, -73.966307)","POINT (-73.966307 40.773465)"
"311636471","88","BROOKLYN","08/20/2025","05:00:00","08/20/2025","05:30:00","COMPLETED","(null)",,"97","OTHER","114","FELONY","FRONT OF","ARSON","(null)","PATROL BORO BKLYN NORTH","263","ARSON 2,3,4","RESIDENCE-HOUSE","08/22/2025","(null)","UNKNOWN","UNKNOWN","M",,"UNKNOWN","UNKNOWN","M","994071","187778","40.682088","-73.964588","(40.682088, -73.964588)","POINT (-73.964588 40.682088)"
"311540239","88","BROOKLYN","08/20/2025","15:08:00","08/20/2025","19:16:00","COMPLETED","(null)",,"0","N.Y. POLICE DEPT","114","FELONY","FRONT OF","ARSON","(null)","PATROL BORO BKLYN NORTH","263","ARSON 2,3,4","CHURCH","08/20/2025","(null)","UNKNOWN","UNKNOWN","U",,"UNKNOWN","UNKNOWN","D","993485","187940","40.682534","-73.966705","(40.682534, -73.966705)","POINT (-73.966705 40.682534)"
"304742267","108","QUEENS","04/14/2025","02:40:00","04/14/2025","03:19:00","COMPLETED","(null)",,"97","OTHER","114","FELONY","INSIDE","ARSON","(null)","PATROL BORO QUEENS NORTH","263","ARSON 2,3,4","RESIDENCE - APT. HOUSE","04/14/2025","(null)","UNKNOWN","UNKNOWN","U",,"UNKNOWN","UNKNOWN","D","995150","208440","40.738798","-73.960667","(40.738798, -73.960667)","POINT (-73.960667 40.738798)"
"312069688","77","BROOKLYN","08/20/2025","04:56:00","08/20/2025","04:59:00","ATTEMPTED","(null)",,"0","N.Y. POLICE DEPT","114","FELONY","FRONT OF","ARSON","(null)","PATROL BORO BKLYN NORTH","263","ARSON 2,3,4","CHURCH","08/28/2025","(null)","UNKNOWN","UNKNOWN","U",,"UNKNOWN","UNKNOWN","D","993615","187258","40.680663","-73.966236","(40.680663, -73.966236)","POINT (-73.966236 40.680663)"
"299674106","26","MANHATTAN","01/18/2025","15:35:00","01/18/2025","16:06:00","COMPLETED","(null)",,"97","OTHER","114","FELONY","REAR OF","ARSON","(null)","PATROL BORO MAN NORTH","264","ARSON, MOTOR VEHICLE 1 2 3 & 4","COMMERCIAL BUILDING","01/18/2025","(null)","(null)","(null)","(null)",,"UNKNOWN","UNKNOWN","D","995446","237688","40.819076","-73.959549","(40.819076, -73.959549)","POINT (-73.959549 40.819076)"
"312404534","90","BROOKLYN","09/04/2025","05:31:00","09/04/2025","07:56:00","COMPLETED","(null)",,"97","OTHER","114","FELONY","INSIDE","ARSON","(null)","PATROL BORO BKLYN NORTH","263","ARSON 2,3,4","RESIDENCE - APT. HOUSE","09/04/2025","(null)","UNKNOWN","UNKNOWN","M",,"25-44","WHITE HISPANIC","F","996665","196860","40.707014","-73.955222","(40.707014, -73.955222)","POINT (-73.955222 40.707014)"
"304197320","28","MANHATTAN","04/04/2025","06:58:00","04/04/2025","07:20:00","COMPLETED","(null)",,"97","OTHER","114","FELONY","INSIDE","ARSON","(null)","PATROL BORO MAN NORTH","263","ARSON 2,3,4","RESIDENCE - APT. HOUSE","04/04/2025","(null)","UNKNOWN","UNKNOWN","U",,"UNKNOWN","UNKNOWN","D","996025","231304","40.801553","-73.957468","(40.801553, -73.957468)","POINT (-73.957468 40.801553)"
"301547722","70","BROOKLYN","02/19/2025","12:47:00","02/19/2025","13:38:00","COMPLETED","(null)",,"97","OTHER","114","FELONY","INSIDE","ARSON","(null)","PATROL BORO BKLYN SOUTH","263","ARSON 2,3,4","OTHER","02/23/2025","(null)","UNKNOWN","UNKNOWN","U",,"45-64","WHITE","M","996040","169426","40.631713","-73.957523","(40.631713, -73.957523)","POINT (-73.957523 40.631713)"
"301165147","90","BROOKLYN","02/10/2025","23:46:00","02/10/2025","23:57:00","ATTEMPTED","(null)",,"97","OTHER","114","FELONY","INSIDE","ARSON","(null)","PATROL BORO BKLYN NORTH","263","ARSON 2,3,4","FAST FOOD","02/15/2025","(null)","UNKNOWN","UNKNOWN","M",,"UNKNOWN","UNKNOWN","D","995733","197465","40.708674","-73.95858","(40.708674, -73.95858)","POINT (-73.95858 40.708674)"
"311999276","28","MANHATTAN","08/27/2025","20:50:00","08/27/2025","21:00:00","COMPLETED","(null)",,"0","N.Y. POLICE DEPT","114","FELONY","FRONT OF","ARSON","(null)","PATROL BORO MAN NORTH","264","ARSON, MOTOR VEHICLE 1 2 3 & 4","STREET","08/27/2025","(null)","25-44","BLACK","M",,"25-44","BLACK","M","997029","230313","40.798833","-73.953843","(40.798833, -73.953843)","POINT (-73.953843 40.798833)"
"312014788","70","BROOKLYN","08/26/2025","05:16:00","08/26/2025","06:00:00","COMPLETED","(null)",,"0","N.Y. POLICE DEPT","114","FELONY","INSIDE","ARSON","(null)","PATROL BORO BKLYN SOUTH","263","ARSON 2,3,4","RESIDENCE-HOUSE","08/27/2025","(null)","UNKNOWN","UNKNOWN","U",,"UNKNOWN","UNKNOWN","M","997903","170037","40.633388","-73.950811","(40.633388, -73.950811)","POINT (-73.950811 40.633388)"
"313500323","30","MANHATTAN","09/26/2025","00:20:00","09/26/2025","00:33:00","COMPLETED","(null)",,"0","N.Y. POLICE DEPT","114","FELONY","INSIDE","ARSON","(null)","PATROL BORO MAN NORTH","263","ARSON 2,3,4","RESIDENCE - APT. HOUSE","09/26/2025","(null)","UNKNOWN","UNKNOWN","U",,"UNKNOWN","UNKNOWN","D","997213","238091","40.820179","-73.953166","(40.820179, -73.953166)","POINT (-73.953166 40.820179)"
"307487324","19","MANHATTAN","06/03/2025","19:18:00","06/03/2025","19:19:00","COMPLETED","(null)",,"0","N.Y. POLICE DEPT","114","FELONY","INSIDE","ARSON","(null)","PATROL BORO MAN NORTH","263","ARSON 2,3,4","HOSPITAL","06/03/2025","(null)","25-44","WHITE","M",,"UNKNOWN","UNKNOWN","D","997645","218969","40.767696","-73.951643","(40.767696, -73.951643)","POINT (-73.951643 40.767696)"
"308246589","90","BROOKLYN","06/18/2025","04:26:00","06/18/2025","05:00:00","COMPLETED","(null)",,"0","N.Y. POLICE DEPT","114","FELONY","(null)","ARSON","(null)","PATROL BORO BKLYN NORTH","264","ARSON, MOTOR VEHICLE 1 2 3 & 4","STREET","06/18/2025","(null)","(null)","(null)","(null)",,"UNKNOWN","UNKNOWN","E","997670","199336","40.71379779","-73.95159139","(40.71379779, -73.95159139)","POINT (-73.95159139 40.71379779)"
"301586337","71","BROOKLYN","02/18/2025","09:10:00","02/18/2025","09:20:00","ATTEMPTED","(null)",,"0","N.Y. POLICE DEPT","114","FELONY","INSIDE","ARSON","(null)","PATROL BORO BKLYN SOUTH","263","ARSON 2,3,4","RESIDENCE - APT. HOUSE","02/24/2025","(null)","UNKNOWN","BLACK","M",,"UNKNOWN","UNKNOWN","D","997520","180274","40.661487","-73.952171","(40.661487, -73.952171)","POINT (-73.952171 40.661487)"
"299786156","71","BROOKLYN","01/18/2025","02:40:00","01/18/2025","02:50:00","COMPLETED","(null)",,"0","N.Y. POLICE DEPT","114","FELONY","REAR OF","ARSON","(null)","PATROL BORO BKLYN SOUTH","264","ARSON, MOTOR VEHICLE 1 2 3 & 4","PARKING LOT/GARAGE (PRIVATE)","01/21/2025","(null)","UNKNOWN","UNKNOWN","M",,"45-64","WHITE","F","999087","182595","40.667855","-73.946515","(40.667855, -73.946515)","POINT (-73.946515 40.667855)"
"303726602","33","MANHATTAN","03/08/2025","04:57:00",,"(null)","COMPLETED","(null)",,"97","OTHER","114","FELONY","FRONT OF","ARSON","(null)","PATROL BORO MAN NORTH","264","ARSON, MOTOR VEHICLE 1 2 3 & 4","RESIDENCE - APT. HOUSE","03/27/2025","(null)","UNKNOWN","UNKNOWN","U",,"UNKNOWN","UNKNOWN","M","999111","243913","40.836159","-73.946296","(40.836159, -73.946296)","POINT (-73.946296 40.836159)"
"299571310","71","BROOKLYN","01/15/2025","04:50:00","01/15/2025","08:00:00","COMPLETED","(null)",,"97","OTHER","114","FELONY","REAR OF","ARSON","(null)","PATROL BORO BKLYN SOUTH","263","ARSON 2,3,4","PARKING LOT/GARAGE (PRIVATE)","01/16/2025","(null)","UNKNOWN","UNKNOWN","M",,"45-64","WHITE","F","999087","182595","40.667855","-73.946515","(40.667855, -73.946515)","POINT (-73.946515 40.667855)"
"302904309","23","MANHATTAN","03/14/2025","14:30:00","03/14/2025","15:30:00","COMPLETED","(null)","672","2","N.Y. HOUSING POLICE","114","FELONY","INSIDE","ARSON","(null)","PATROL BORO MAN NORTH","263","ARSON 2,3,4","RESIDENCE - PUBLIC HOUSING","03/16/2025","(null)","UNKNOWN","BLACK","M",,"UNKNOWN","UNKNOWN","E","999115","226852","40.789331","-73.946318","(40.789331, -73.946318)","POINT (-73.946318 40.789331)"
"299634145","71","BROOKLYN","01/05/2025","04:31:00","01/05/2025","04:36:00","COMPLETED","(null)",,"0","N.Y. POLICE DEPT","114","FELONY","REAR OF","ARSON","(null)","PATROL BORO BKLYN SOUTH","263","ARSON 2,3,4","PARKING LOT/GARAGE (PRIVATE)","01/18/2025","(null)","UNKNOWN","UNKNOWN","U",,"45-64","WHITE","F","999087","182595","40.667855","-73.946515","(40.667855, -73.946515)","POINT (-73.946515 40.667855)"
"300357096","70","BROOKLYN","01/31/2025","13:30:00","01/31/2025","16:55:00","COMPLETED","(null)",,"0","N.Y. POLICE DEPT","114","FELONY","INSIDE","ARSON","(null)","PATROL BORO BKLYN SOUTH","263","ARSON 2,3,4","BANK","01/31/2025","(null)","45-64","BLACK","F",,"45-64","BLACK","F","998617","170048","40.633417","-73.948239","(40.633417, -73.948239)","POINT (-73.948239 40.633417)"
"302392098","79","BROOKLYN","03/09/2025","23:00:00","03/09/2025","23:30:00","COMPLETED","(null)",,"0","N.Y. POLICE DEPT","114","FELONY","INSIDE","ARSON","(null)","PATROL BORO BKLYN NORTH","264","ARSON, MOTOR VEHICLE 1 2 3 & 4","RESIDENCE - APT. HOUSE","03/11/2025","(null)","(null)","(null)","(null)",,"UNKNOWN","UNKNOWN","D","998650","193221","40.697022","-73.948071","(40.697022, -73.948071)","POINT (-73.948071 40.697022)"
"301917683","28","MANHATTAN","03/02/2025","02:31:00","03/02/2025","03:36:00","COMPLETED","(null)","638","2","N.Y. HOUSING POLICE","114","FELONY","INSIDE","ARSON","(null)","PATROL BORO MAN NORTH","263","ARSON 2,3,4","RESIDENCE - PUBLIC HOUSING","03/02/2025","(null)","UNKNOWN","UNKNOWN","U",,"25-44","BLACK","M","998746","230395","40.799054","-73.947644","(40.799054, -73.947644)","POINT (-73.947644 40.799054)"
"299633605","71","BROOKLYN","01/06/2025","03:16:00","01/06/2025","03:21:00","COMPLETED","(null)",,"0","N.Y. POLICE DEPT","114","FELONY","REAR OF","ARSON","(null)","PATROL BORO BKLYN SOUTH","264","ARSON, MOTOR VEHICLE 1 2 3 & 4","PARKING LOT/GARAGE (PRIVATE)","01/17/2025","(null)","UNKNOWN","UNKNOWN","U",,"45-64","WHITE","F","999087","182595","40.667855","-73.946515","(40.667855, -73.946515)","POINT (-73.946515 40.667855)"
"299983913","23","MANHATTAN","01/09/2025","07:51:00","01/09/2025","10:15:00","COMPLETED","(null)","642","2","N.Y. HOUSING POLICE","114","FELONY","INSIDE","ARSON","(null)","PATROL BORO MAN NORTH","263","ARSON 2,3,4","RESIDENCE - PUBLIC HOUSING","01/24/2025","(null)","UNKNOWN","UNKNOWN","U",,"UNKNOWN","UNKNOWN","E","998969","229216","40.795817","-73.946839","(40.795817, -73.946839)","POINT (-73.946839 40.795817)"
"301969438","28","MANHATTAN","03/02/2025","02:31:00","03/02/2025","03:36:00","COMPLETED","(null)","638","2","N.Y. HOUSING POLICE","114","FELONY","INSIDE","ARSON","(null)","PATROL BORO MAN NORTH","263","ARSON 2,3,4","RESIDENCE - PUBLIC HOUSING","03/02/2025","(null)","UNKNOWN","UNKNOWN","U",,"25-44","BLACK","M","998746","230395","40.799054","-73.947644","(40.799054, -73.947644)","POINT (-73.947644 40.799054)"
"304763058","79","BROOKLYN","03/10/2025","21:00:00","03/11/2025","00:00:00","COMPLETED","(null)",,"97","OTHER","114","FELONY","INSIDE","ARSON","(null)","PATROL BORO BKLYN NORTH","263","ARSON 2,3,4","RESIDENCE - APT. HOUSE","04/15/2025","(null)","(null)","(null)","(null)",,"UNKNOWN","UNKNOWN","D","998650","193221","40.697022","-73.948071","(40.697022, -73.948071)","POINT (-73.948071 40.697022)"
"299574087","71","BROOKLYN","01/12/2025","04:05:00","01/12/2025","04:30:00","COMPLETED","(null)",,"97","OTHER","114","FELONY","REAR OF","ARSON","(null)","PATROL BORO BKLYN SOUTH","263","ARSON 2,3,4","PARKING LOT/GARAGE (PRIVATE)","01/16/2025","(null)","UNKNOWN","UNKNOWN","M",,"45-64","WHITE","F","999087","182595","40.667855","-73.946515","(40.667855, -73.946515)","POINT (-73.946515 40.667855)"
"301560459","71","BROOKLYN","02/24/2025","00:40:00","02/24/2025","00:50:00","COMPLETED","(null)",,"0","N.Y. POLICE DEPT","114","FELONY","(null)","ARSON","(null)","PATROL BORO BKLYN SOUTH","264","ARSON, MOTOR VEHICLE 1 2 3 & 4","STREET","02/24/2025","(null)","UNKNOWN","UNKNOWN","U",,"45-64","BLACK","M","999416","179634","40.65971751405","-73.94533757368","(40.65971751404582, -73.94533757368478)","POINT (-73.94533757368478 40.65971751404582)"
"303343961","23","MANHATTAN","03/10/2025","03:20:00","03/10/2025","04:49:00","COMPLETED","(null)","30581","2","N.Y. HOUSING POLICE","114","FELONY","INSIDE","ARSON","(null)","PATROL BORO MAN NORTH","263","ARSON 2,3,4","RESIDENCE - PUBLIC HOUSING","03/20/2025","(null)","UNKNOWN","UNKNOWN","M",,"UNKNOWN","UNKNOWN","M","999875","225983","40.786944","-73.943575","(40.786944, -73.943575)","POINT (-73.943575 40.786944)"
"299331028","67","BROOKLYN","01/13/2025","02:54:00","01/13/2025","03:30:00","COMPLETED","(null)",,"0","N.Y. POLICE DEPT","114","FELONY","INSIDE","ARSON","(null)","PATROL BORO BKLYN SOUTH","263","ARSON 2,3,4","RESIDENCE - APT. HOUSE","01/13/2025","(null)","UNKNOWN","UNKNOWN","U",,"UNKNOWN","UNKNOWN","D","999764","175820","40.649257","-73.944092","(40.649257, -73.944092)","POINT (-73.944092 40.649257)"
"308358284","79","BROOKLYN","06/19/2025","18:00:00","06/19/2025","18:30:00","COMPLETED","(null)",,"0","N.Y. POLICE DEPT","114","FELONY","FRONT OF","ARSON","(null)","PATROL BORO BKLYN NORTH","264","ARSON, MOTOR VEHICLE 1 2 3 & 4","STREET","06/19/2025","(null)","UNKNOWN","BLACK","M",,"45-64","BLACK","M","999337","188678","40.684551","-73.945602","(40.684551, -73.945602)","POINT (-73.945602 40.684551)"
"304191299","114","QUEENS","04/04/2025","06:00:00","04/04/2025","06:20:00","COMPLETED","(null)","21821","2","N.Y. HOUSING POLICE","114","FELONY","INSIDE","ARSON","(null)","PATROL BORO QUEENS NORTH","263","ARSON 2,3,4","RESIDENCE - PUBLIC HOUSING","04/04/2025","(null)","45-64","BLACK","M",,"45-64","BLACK","F","999925","214506","40.755442","-73.943422","(40.755442, -73.943422)","POINT (-73.943422 40.755442)"
"304681318","23","MANHATTAN","04/13/2025","14:07:00","04/13/2025","14:20:00","ATTEMPTED","(null)","632","2","N.Y. HOUSING POLICE","114","FELONY","INSIDE","ARSON","(null)","PATROL BORO MAN NORTH","263","ARSON 2,3,4","RESIDENCE - PUBLIC HOUSING","04/13/2025","(null)","UNKNOWN","UNKNOWN","U",,"45-64","WHITE HISPANIC","F","1001294","228547","40.793979","-73.938445","(40.793979, -73.938445)","POINT (-73.938445 40.793979)"
"306535284","32","MANHATTAN","05/10/2025","06:04:00","05/10/2025","07:44:00","COMPLETED","(null)","40086","2","N.Y. HOUSING POLICE","114","FELONY","INSIDE","ARSON","(null)","PATROL BORO MAN NORTH","263","ARSON 2,3,4","RESIDENCE - PUBLIC HOUSING","05/15/2025","(null)","(null)","(null)","(null)",,"UNKNOWN","UNKNOWN","D","1000457","238373","40.82095","-73.941445","(40.82095, -73.941445)","POINT (-73.941445 40.82095)"
"300916630","23","MANHATTAN","02/10/2025","22:45:00",,"(null)","ATTEMPTED","(null)","632","2","N.Y. HOUSING POLICE","114","FELONY","INSIDE","ARSON","(null)","PATROL BORO MAN NORTH","263","ARSON 2,3,4","RESIDENCE - PUBLIC HOUSING","02/11/2025","(null)","(null)","(null)","(null)",,"UNKNOWN","UNKNOWN","D","1001026","228838","40.794778","-73.939411","(40.794778, -73.939411)","POINT (-73.939411 40.794778)"
"308918765","32","MANHATTAN","07/01/2025","03:41:00",,"(null)","COMPLETED","(null)","4595","2","N.Y. HOUSING POLICE","114","FELONY","INSIDE","ARSON","(null)","PATROL BORO MAN NORTH","264","ARSON, MOTOR VEHICLE 1 2 3 & 4","RESIDENCE - PUBLIC HOUSING","07/01/2025","(null)","(null)","(null)","(null)",,"UNKNOWN","UNKNOWN","D","1000787","238042","40.820039","-73.940251","(40.820039, -73.940251)","POINT (-73.940251 40.820039)"
"303113179","32","MANHATTAN","02/05/2025","20:57:00","02/08/2025","18:00:00","COMPLETED","(null)",,"97","OTHER","114","FELONY","INSIDE","ARSON","(null)","PATROL BORO MAN NORTH","263","ARSON 2,3,4","RESIDENCE - APT. HOUSE","03/18/2025","(null)","(null)","(null)","(null)",,"UNKNOWN","UNKNOWN","D","1000742","237030","40.817263","-73.940419","(40.817263, -73.940419)","POINT (-73.940419 40.817263)"
"306539261","30","MANHATTAN","02/22/2025","15:36:00","02/22/2025","16:55:00","COMPLETED","(null)",,"97","OTHER","114","FELONY","INSIDE","ARSON","(null)","PATROL BORO MAN NORTH","263","ARSON 2,3,4","RESIDENCE - APT. HOUSE","05/16/2025","(null)","(null)","(null)","(null)",,"UNKNOWN","UNKNOWN","D","1000434","241865","40.830532","-73.941519","(40.830532, -73.941519)","POINT (-73.941519 40.830532)"
"299424544","23","MANHATTAN","01/11/2025","08:11:00","01/11/2025","10:48:00","COMPLETED","(null)","632","2","N.Y. HOUSING POLICE","114","FELONY","INSIDE","ARSON","(null)","PATROL BORO MAN NORTH","263","ARSON 2,3,4","RESIDENCE - PUBLIC HOUSING","01/14/2025","(null)","(null)","(null)","(null)",,"UNKNOWN","UNKNOWN","E","1001028","229571","40.796789","-73.939403","(40.796789, -73.939403)","POINT (-73.939403 40.796789)"
"299790560","32","MANHATTAN","01/21/2025","04:52:00","01/21/2025","05:26:00","ATTEMPTED","(null)","4552","2","N.Y. HOUSING POLICE","114","FELONY","INSIDE","ARSON","(null)","PATROL BORO MAN NORTH","263","ARSON 2,3,4","RESIDENCE - PUBLIC HOUSING","01/21/2025","(null)","UNKNOWN","UNKNOWN","U",,"UNKNOWN","UNKNOWN","E","1001767","241659","40.829965","-73.9367","(40.829965, -73.9367)","POINT (-73.9367 40.829965)"
"307606639","114","QUEENS","06/05/2025","01:24:00","06/05/2025","01:26:00","COMPLETED","(null)",,"0","N.Y. POLICE DEPT","114","FELONY","REAR OF","ARSON","(null)","PATROL BORO QUEENS NORTH","264","ARSON, MOTOR VEHICLE 1 2 3 & 4","PARKING LOT/GARAGE (PRIVATE)","06/05/2025","(null)","UNKNOWN","UNKNOWN","M",,"65+","WHITE","M","1002075","219508","40.769168","-73.935648","(40.769168, -73.935648)","POINT (-73.935648 40.769168)"
"300975024","77","BROOKLYN","01/26/2025","13:57:00","01/26/2025","14:24:00","COMPLETED","(null)","329","2","N.Y. HOUSING POLICE","114","FELONY","INSIDE","ARSON","(null)","PATROL BORO BKLYN NORTH","263","ARSON 2,3,4","RESIDENCE - PUBLIC HOUSING","02/12/2025","(null)","UNKNOWN","UNKNOWN","M",,"UNKNOWN","UNKNOWN","M","1001597","185351","40.675414","-73.937462","(40.675414, -73.937462)","POINT (-73.937462 40.675414)"
"311300395","33","MANHATTAN","08/16/2025","02:10:00","08/16/2025","12:22:00","COMPLETED","(null)",,"0","N.Y. POLICE DEPT","114","FELONY","FRONT OF","ARSON","(null)","PATROL BORO MAN NORTH","264","ARSON, MOTOR VEHICLE 1 2 3 & 4","STREET","08/16/2025","(null)","45-64","WHITE HISPANIC","M",,"45-64","BLACK HISPANIC","M","1001500","247156","40.845053","-73.937654","(40.845053, -73.937654)","POINT (-73.937654 40.845053)"
"300233906","77","BROOKLYN","01/26/2025","11:43:00","01/26/2025","20:27:00","COMPLETED","(null)","329","2","N.Y. HOUSING POLICE","114","FELONY","INSIDE","ARSON","(null)","PATROL BORO BKLYN NORTH","263","ARSON 2,3,4","RESIDENCE - PUBLIC HOUSING","01/29/2025","(null)","UNKNOWN","UNKNOWN","U",,"UNKNOWN","UNKNOWN","E","1001597","185351","40.675414","-73.937462","(40.675414, -73.937462)","POINT (-73.937462 40.675414)"
"310250294","67","BROOKLYN","07/04/2025","12:27:00","07/04/2025","13:51:00","COMPLETED","(null)",,"0","N.Y. POLICE DEPT","114","FELONY","INSIDE","ARSON","(null)","PATROL BORO BKLYN SOUTH","263","ARSON 2,3,4","RESIDENCE - APT. HOUSE","07/26/2025","(null)","(null)","(null)","(null)",,"UNKNOWN","UNKNOWN","F","1002094","176638","40.6515","-73.935691","(40.6515, -73.935691)","POINT (-73.935691 40.6515)"
"299488262","32","MANHATTAN","01/15/2025","08:14:00",,"(null)","COMPLETED","(null)","4552","2","N.Y. HOUSING POLICE","114","FELONY","INSIDE","ARSON","(null)","PATROL BORO MAN NORTH","263","ARSON 2,3,4","RESIDENCE - PUBLIC HOUSING","01/15/2025","(null)","UNKNOWN","UNKNOWN","U",,"UNKNOWN","UNKNOWN","D","1001767","241659","40.829965","-73.9367","(40.829965, -73.9367)","POINT (-73.9367 40.829965)"
"299786171","77","BROOKLYN","01/20/2025","20:33:00","01/20/2025","21:04:00","COMPLETED","(null)","326","2","N.Y. HOUSING POLICE","114","FELONY","INSIDE","ARSON","(null)","PATROL BORO BKLYN NORTH","263","ARSON 2,3,4","RESIDENCE - PUBLIC HOUSING","01/21/2025","(null)","UNKNOWN","UNKNOWN","M",,"UNKNOWN","UNKNOWN","M","1001955","185002","40.674456","-73.936172","(40.674456, -73.936172)","POINT (-73.936172 40.674456)"
"304249018","94","BROOKLYN","04/04/2025","21:00:00","04/04/2025","21:30:00","COMPLETED","(null)","43728","2","N.Y. HOUSING POLICE","114","FELONY","INSIDE","ARSON","(null)","PATROL BORO BKLYN NORTH","263","ARSON 2,3,4","RESIDENCE - PUBLIC HOUSING","04/05/2025","(null)","(null)","(null)","(null)",,"25-44","BLACK","F","1001350","201325","40.719261","-73.938312","(40.719261, -73.938312)","POINT (-73.938312 40.719261)"
"307568915","81","BROOKLYN","06/04/2025","13:15:00","06/04/2025","13:45:00","COMPLETED","(null)",,"97","OTHER","114","FELONY","INSIDE","ARSON","(null)","PATROL BORO BKLYN NORTH","264","ARSON, MOTOR VEHICLE 1 2 3 & 4","RESIDENCE - APT. HOUSE","06/04/2025","(null)","UNKNOWN","UNKNOWN","U",,"25-44","BLACK","F","1002193","191296","40.691733","-73.935297","(40.691733, -73.935297)","POINT (-73.935297 40.691733)"
"299766084","32","MANHATTAN","01/19/2025","19:18:00","01/19/2025","19:38:00","COMPLETED","(null)","4552","2","N.Y. HOUSING POLICE","114","FELONY","FRONT OF","ARSON","(null)","PATROL BORO MAN NORTH","263","ARSON 2,3,4","RESIDENCE - PUBLIC HOUSING","01/20/2025","(null)","UNKNOWN","UNKNOWN","U",,"45-64","BLACK HISPANIC","F","1001767","241659","40.829965","-73.9367","(40.829965, -73.9367)","POINT (-73.9367 40.829965)"
"303813782","25","MANHATTAN","03/28/2025","21:36:00","03/28/2025","21:40:00","COMPLETED","(null)","645","2","N.Y. HOUSING POLICE","114","FELONY","INSIDE","ARSON","(null)","PATROL BORO MAN NORTH","263","ARSON 2,3,4","RESIDENCE - PUBLIC HOUSING","03/28/2025","(null)","UNKNOWN","BLACK","M",,"25-44","BLACK","F","1001768","234797","40.811131","-73.936716","(40.811131, -73.936716)","POINT (-73.936716 40.811131)"
"300378215","32","MANHATTAN","01/31/2025","14:00:00","01/31/2025","14:30:00","COMPLETED","(null)","4552","2","N.Y. HOUSING POLICE","114","FELONY","INSIDE","ARSON","(null)","PATROL BORO MAN NORTH","263","ARSON 2,3,4","RESIDENCE - PUBLIC HOUSING","02/01/2025","(null)","UNKNOWN","UNKNOWN","U",,"UNKNOWN","UNKNOWN","E","1001767","241659","40.829965","-73.9367","(40.829965, -73.9367)","POINT (-73.9367 40.829965)"
"301606270","32","MANHATTAN","02/22/2025","18:51:00",,"(null)","COMPLETED","(null)","4552","2","N.Y. HOUSING POLICE","114","FELONY","INSIDE","ARSON","(null)","PATROL BORO MAN NORTH","263","ARSON 2,3,4","RESIDENCE - PUBLIC HOUSING","02/24/2025","(null)","(null)","(null)","(null)",,"UNKNOWN","UNKNOWN","D","1001767","241659","40.829965","-73.9367","(40.829965, -73.9367)","POINT (-73.9367 40.829965)"
"301288534","32","MANHATTAN","02/18/2025","02:31:00",,"(null)","COMPLETED","(null)","4552","2","N.Y. HOUSING POLICE","114","FELONY","INSIDE","ARSON","(null)","PATROL BORO MAN NORTH","263","ARSON 2,3,4","RESIDENCE - PUBLIC HOUSING","02/18/2025","(null)","(null)","(null)","(null)",,"UNKNOWN","UNKNOWN","D","1001767","241659","40.829965","-73.9367","(40.829965, -73.9367)","POINT (-73.9367 40.829965)"
"300978481","77","BROOKLYN","01/26/2025","14:41:00","01/26/2025","15:23:00","COMPLETED","(null)","329","2","N.Y. HOUSING POLICE","114","FELONY","INSIDE","ARSON","(null)","PATROL BORO BKLYN NORTH","263","ARSON 2,3,4","RESIDENCE - PUBLIC HOUSING","02/12/2025","(null)","UNKNOWN","UNKNOWN","M",,"UNKNOWN","UNKNOWN","M","1001597","185351","40.675414","-73.937462","(40.675414, -73.937462)","POINT (-73.937462 40.675414)"
"304618228","25","MANHATTAN","04/11/2025","22:30:00","04/11/2025","22:40:00","COMPLETED","(null)","670","2","N.Y. HOUSING POLICE","114","FELONY","INSIDE","ARSON","(null)","PATROL BORO MAN NORTH","263","ARSON 2,3,4","RESIDENCE - PUBLIC HOUSING","04/11/2025","(null)","45-64","BLACK","M",,"UNKNOWN","UNKNOWN","D","1002844","230571","40.79953","-73.932839","(40.79953, -73.932839)","POINT (-73.932839 40.79953)"
"300011855","114","QUEENS","01/19/2025","20:23:00","01/19/2025","20:30:00","COMPLETED","(null)","1251","2","N.Y. HOUSING POLICE","114","FELONY","INSIDE","ARSON","(null)","PATROL BORO QUEENS NORTH","263","ARSON 2,3,4","RESIDENCE - PUBLIC HOUSING","01/25/2025","(null)","(null)","(null)","(null)",,"UNKNOWN","UNKNOWN","E","1002652","215969","40.759451","-73.933575","(40.759451, -73.933575)","POINT (-73.933575 40.759451)"
"313811734","81","BROOKLYN","08/26/2025","02:10:00","08/26/2025","02:18:00","COMPLETED","(null)",,"0","N.Y. POLICE DEPT","114","FELONY","FRONT OF","ARSON","(null)","PATROL BORO BKLYN NORTH","264","ARSON, MOTOR VEHICLE 1 2 3 & 4","STREET","08/27/2025","(null)","(null)","(null)","(null)",,"25-44","WHITE","M","1002659","190958","40.690802","-73.933616","(40.690802, -73.933616)","POINT (-73.933616 40.690802)"
"300390712","71","BROOKLYN","01/31/2025","07:43:00","01/31/2025","08:08:00","ATTEMPTED","(null)",,"97","OTHER","114","FELONY","INSIDE","ARSON","(null)","PATROL BORO BKLYN SOUTH","263","ARSON 2,3,4","RESIDENCE - APT. HOUSE","02/01/2025","(null)","UNKNOWN","BLACK","M",,"25-44","BLACK","F","1003938","181924","40.666004","-73.929031","(40.666004, -73.929031)","POINT (-73.929031 40.666004)"
"300176634","44","BRONX","01/26/2025","03:00:00","01/26/2025","03:30:00","COMPLETED","(null)","35142","2","N.Y. HOUSING POLICE","114","FELONY","FRONT OF","ARSON","(null)","PATROL BORO BRONX","263","ARSON 2,3,4","RESIDENCE - PUBLIC HOUSING","01/27/2025","(null)","(null)","(null)","(null)",,"25-44","UNKNOWN","F","1004050","244191","40.836911","-73.928445","(40.836911, -73.928445)","POINT (-73.928445 40.836911)"
"304176444","61","BROOKLYN","03/15/2025","06:44:00","03/15/2025","07:17:00","COMPLETED","(null)",,"97","OTHER","114","FELONY","REAR OF","ARSON","(null)","PATROL BORO BKLYN SOUTH","263","ARSON 2,3,4","DAYCARE FACILITY","04/04/2025","(null)","(null)","(null)","(null)",,"UNKNOWN","UNKNOWN","D","1003490","152510","40.58527","-73.930731","(40.58527, -73.930731)","POINT (-73.930731 40.58527)"
"298840009","44","BRONX","10/08/2024","04:19:00","10/08/2024","05:06:00","COMPLETED","(null)",,"0","N.Y. POLICE DEPT","114","FELONY","FRONT OF","ARSON","(null)","PATROL BORO BRONX","264","ARSON, MOTOR VEHICLE 1 2 3 & 4","STREET","01/02/2025","(null)","(null)","(null)","(null)",,"65+","BLACK HISPANIC","F","1004057","245519","40.840556","-73.928417","(40.840556, -73.928417)","POINT (-73.928417 40.840556)"
"310833457","42","BRONX","07/15/2025","10:38:00",,"(null)","COMPLETED","(null)",,"97","OTHER","114","FELONY","INSIDE","ARSON","(null)","PATROL BORO BRONX","263","ARSON 2,3,4","HOMELESS SHELTER","08/07/2025","(null)","(null)","(null)","(null)",,"UNKNOWN","UNKNOWN","E","1008785","239155","40.823075","-73.911352","(40.823075, -73.911352)","POINT (-73.911352 40.823075)"
"298736157","81","BROOKLYN","01/01/2025","01:24:00","01/01/2025","02:30:00","COMPLETED","(null)",,"97","OTHER","114","FELONY","FRONT OF","ARSON","(null)","PATROL BORO BKLYN NORTH","263","ARSON 2,3,4","RESIDENCE - APT. HOUSE","01/01/2025","(null)","(null)","(null)","(null)",,"UNKNOWN","UNKNOWN","F","1005474","189472","40.686718","-73.923471","(40.686718, -73.923471)","POINT (-73.923471 40.686718)"
"308852781","67","BROOKLYN","06/27/2025","17:32:00","06/27/2025","17:35:00","COMPLETED","(null)",,"97","OTHER","114","FELONY","INSIDE","ARSON","(null)","PATROL BORO BKLYN SOUTH","263","ARSON 2,3,4","RESIDENCE - APT. HOUSE","06/29/2025","(null)","UNKNOWN","UNKNOWN","M",,"UNKNOWN","UNKNOWN","M","1004928","181449","40.664697","-73.925466","(40.664697, -73.925466)","POINT (-73.925466 40.664697)"
"312215460","34","MANHATTAN","07/16/2025","05:41:00","07/16/2025","06:36:00","COMPLETED","(null)",,"0","N.Y. POLICE DEPT","114","FELONY","FRONT OF","ARSON","(null)","PATROL BORO MAN NORTH","264","ARSON, MOTOR VEHICLE 1 2 3 & 4","STREET","07/18/2025","(null)","(null)","(null)","(null)",,"25-44","BLACK HISPANIC","M","1004418","251117","40.855921","-73.927094","(40.855921, -73.927094)","POINT (-73.927094 40.855921)"
"307952583","83","BROOKLYN","06/12/2025","01:20:00","06/12/2025","01:25:00","COMPLETED","(null)",,"0","N.Y. POLICE DEPT","114","FELONY","INSIDE","ARSON","(null)","PATROL BORO BKLYN NORTH","264","ARSON, MOTOR VEHICLE 1 2 3 & 4","PARKING LOT/GARAGE (PRIVATE)","06/12/2025","(null)","UNKNOWN","UNKNOWN","M",,"UNKNOWN","UNKNOWN","E","1005170","193911","40.698902","-73.924555","(40.698902, -73.924555)","POINT (-73.924555 40.698902)"
"304032300","34","MANHATTAN","03/20/2025","07:48:00","03/20/2025","08:28:00","COMPLETED","(null)",,"97","OTHER","114","FELONY","INSIDE","ARSON","(null)","PATROL BORO MAN NORTH","263","ARSON 2,3,4","RESIDENCE - APT. HOUSE","04/02/2025","(null)","UNKNOWN","UNKNOWN","U",,"UNKNOWN","UNKNOWN","D","1004637","253426","40.862257","-73.926297","(40.862257, -73.926297)","POINT (-73.926297 40.862257)"
"302049038","67","BROOKLYN","03/04/2025","06:30:00","03/04/2025","09:30:00","COMPLETED","(null)",,"0","N.Y. POLICE DEPT","114","FELONY","INSIDE","ARSON","(null)","PATROL BORO BKLYN SOUTH","264","ARSON, MOTOR VEHICLE 1 2 3 & 4","RESIDENCE - APT. HOUSE","03/04/2025","(null)","UNKNOWN","BLACK","M",,"UNKNOWN","UNKNOWN","D","1004499","180655","40.662519","-73.927012","(40.662519, -73.927012)","POINT (-73.927012 40.662519)"
"310630417","44","BRONX","07/05/2025","00:50:00",,"(null)","COMPLETED","(null)",,"97","OTHER","114","FELONY","INSIDE","ARSON","(null)","PATROL BORO BRONX","263","ARSON 2,3,4","RESIDENCE - APT. HOUSE","08/03/2025","(null)","UNKNOWN","UNKNOWN","U",,"UNKNOWN","UNKNOWN","M","1004315","243965","40.836289","-73.927489","(40.836289, -73.927489)","POINT (-73.927489 40.836289)"
"304592361","83","BROOKLYN","04/09/2025","09:50:00",,"(null)","COMPLETED","(null)",,"97","OTHER","114","FELONY","INSIDE","ARSON","(null)","PATROL BORO BKLYN NORTH","263","ARSON 2,3,4","RESIDENCE - APT. HOUSE","04/11/2025","(null)","(null)","(null)","(null)",,"UNKNOWN","UNKNOWN","D","1005152","192362","40.69465","-73.924624","(40.69465, -73.924624)","POINT (-73.924624 40.69465)"
"309813027","34","MANHATTAN","07/16/2025","05:00:00","07/16/2025","05:35:00","COMPLETED","(null)",,"0","N.Y. POLICE DEPT","114","FELONY","FRONT OF","ARSON","(null)","PATROL BORO MAN NORTH","264","ARSON, MOTOR VEHICLE 1 2 3 & 4","STREET","07/17/2025","(null)","UNKNOWN","UNKNOWN","U",,"UNKNOWN","UNKNOWN","M","1004418","251117","40.855921","-73.927094","(40.855921, -73.927094)","POINT (-73.927094 40.855921)"
"300779528","77","BROOKLYN","02/08/2025","02:05:00","02/08/2025","03:32:00","COMPLETED","(null)","365","2","N.Y. HOUSING POLICE","114","FELONY","INSIDE","ARSON","(null)","PATROL BORO BKLYN NORTH","263","ARSON 2,3,4","RESIDENCE - PUBLIC HOUSING","02/08/2025","(null)","(null)","(null)","(null)",,"25-44","BLACK","M","1004837","185410","40.675571","-73.92578","(40.675571, -73.92578)","POINT (-73.92578 40.675571)"
"312334058","77","BROOKLYN","09/02/2025","10:39:00","09/02/2025","10:40:00","COMPLETED","(null)",,"0","N.Y. POLICE DEPT","114","FELONY","INSIDE","ARSON","(null)","PATROL BORO BKLYN NORTH","263","ARSON 2,3,4","RESIDENCE - APT. HOUSE","09/04/2025","(null)","UNKNOWN","BLACK","M",,"25-44","BLACK","M","1005372","183781","40.671097","-73.923858","(40.671097, -73.923858)","POINT (-73.923858 40.671097)"
"306284282","40","BRONX","01/11/2025","03:12:00","01/11/2025","04:13:00","COMPLETED","(null)",,"97","OTHER","114","FELONY","OPPOSITE OF","ARSON","(null)","PATROL BORO BRONX","264","ARSON, MOTOR VEHICLE 1 2 3 & 4","STREET","05/12/2025","(null)","(null)","(null)","(null)",,"25-44","BLACK","M","1004980","236125","40.81477","-73.92511","(40.81477, -73.92511)","POINT (-73.92511 40.81477)"
"309208655","63","BROOKLYN","07/05/2025","00:33:00","07/05/2025","01:29:00","COMPLETED","(null)",,"97","OTHER","114","FELONY","FRONT OF","ARSON","(null)","PATROL BORO BKLYN SOUTH","263","ARSON 2,3,4","RESIDENCE-HOUSE","07/07/2025","(null)","UNKNOWN","UNKNOWN","M",,"65+","UNKNOWN","F","1004234","165200","40.6201","-73.928015","(40.6201, -73.928015)","POINT (-73.928015 40.6201)"
"311600405","40","BRONX","08/22/2025","02:30:00","08/22/2025","02:35:00","COMPLETED","(null)",,"0","N.Y. POLICE DEPT","114","FELONY","FRONT OF","ARSON","(null)","PATROL BORO BRONX","263","ARSON 2,3,4","PUBLIC BUILDING","08/22/2025","(null)","25-44","WHITE HISPANIC","F",,"UNKNOWN","UNKNOWN","E","1005040","234533","40.810399","-73.924897","(40.810399, -73.924897)","POINT (-73.924897 40.810399)"
"305627198","40","BRONX","04/30/2025","12:57:00","04/30/2025","14:16:00","COMPLETED","(null)",,"97","OTHER","114","FELONY","INSIDE","ARSON","(null)","PATROL BORO BRONX","264","ARSON, MOTOR VEHICLE 1 2 3 & 4","FACTORY/WAREHOUSE","05/01/2025","(null)","(null)","(null)","(null)",,"UNKNOWN","UNKNOWN","D","1004689","236575","40.816005","-73.92616","(40.816005, -73.92616)","POINT (-73.92616 40.816005)"
"300206624","81","BROOKLYN","01/29/2025","01:00:00","01/29/2025","01:15:00","COMPLETED","(null)",,"0","N.Y. POLICE DEPT","114","FELONY","INSIDE","ARSON","(null)","PATROL BORO BKLYN NORTH","263","ARSON 2,3,4","RESIDENCE - APT. HOUSE","01/29/2025","(null)","UNKNOWN","BLACK","M",,"65+","BLACK","M","1005474","189472","40.686718","-73.923471","(40.686718, -73.923471)","POINT (-73.923471 40.686718)"
"309618012","104","QUEENS","07/13/2025","22:10:00","07/13/2025","22:31:00","COMPLETED","(null)",,"97","OTHER","114","FELONY","INSIDE","ARSON","(null)","PATROL BORO QUEENS NORTH","264","ARSON, MOTOR VEHICLE 1 2 3 & 4","FACTORY/WAREHOUSE","07/14/2025","(null)","UNKNOWN","UNKNOWN","M",,"UNKNOWN","ASIAN / PACIFIC ISLANDER","M","1005927","202234","40.721745","-73.921798","(40.721745, -73.921798)","POINT (-73.921798 40.721745)"
"300561722","63","BROOKLYN","01/25/2025","15:30:00","01/25/2025","16:00:00","ATTEMPTED","(null)",,"0","N.Y. POLICE DEPT","114","FELONY","INSIDE","ARSON","(null)","PATROL BORO BKLYN SOUTH","263","ARSON 2,3,4","DEPARTMENT STORE","02/04/2025","(null)","UNKNOWN","BLACK","M",,"UNKNOWN","UNKNOWN","D","1005861","161533","40.610031","-73.922166","(40.610031, -73.922166)","POINT (-73.922166 40.610031)"
"313240468","81","BROOKLYN","09/19/2025","16:14:00","09/20/2025","17:00:00","COMPLETED","(null)",,"0","N.Y. POLICE DEPT","114","FELONY","INSIDE","ARSON","(null)","PATROL BORO BKLYN NORTH","263","ARSON 2,3,4","STORE UNCLASSIFIED","09/20/2025","(null)","(null)","(null)","(null)",,"UNKNOWN","UNKNOWN","E","1006342","186591","40.678808","-73.920351","(40.678808, -73.920351)","POINT (-73.920351 40.678808)"
"313645598","81","BROOKLYN","07/08/2025","01:55:00","07/10/2025","02:30:00","COMPLETED","(null)",,"0","N.Y. POLICE DEPT","114","FELONY","FRONT OF","ARSON","(null)","PATROL BORO BKLYN NORTH","264","ARSON, MOTOR VEHICLE 1 2 3 & 4","STREET","07/10/2025","(null)","(null)","(null)","(null)",,"45-64","BLACK","M","1005781","189929","40.687971","-73.922362","(40.687971, -73.922362)","POINT (-73.922362 40.687971)"
"313174313","40","BRONX","09/08/2025","13:49:00",,"(null)","COMPLETED","(null)",,"0","N.Y. POLICE DEPT","114","FELONY","INSIDE","ARSON","(null)","PATROL BORO BRONX","263","ARSON 2,3,4","RESIDENCE - APT. HOUSE","09/19/2025","(null)","(null)","(null)","(null)",,"UNKNOWN","UNKNOWN","D","1006975","233621","40.807893","-73.917911","(40.807893, -73.917911)","POINT (-73.917911 40.807893)"
"304269358","46","BRONX","04/06/2025","04:50:00","04/06/2025","04:53:00","COMPLETED","(null)",,"0","N.Y. POLICE DEPT","114","FELONY","INSIDE","ARSON","(null)","PATROL BORO BRONX","263","ARSON 2,3,4","RESIDENCE - APT. HOUSE","04/06/2025","(null)","25-44","WHITE HISPANIC","F",,"UNKNOWN","UNKNOWN","F","1007521","250574","40.854421","-73.915881","(40.854421, -73.915881)","POINT (-73.915881 40.854421)"
"303437525","73","BROOKLYN","03/21/2025","19:57:00","03/21/2025","20:16:00","COMPLETED","(null)",,"97","OTHER","114","FELONY","FRONT OF","ARSON","(null)","PATROL BORO BKLYN NORTH","263","ARSON 2,3,4","RESIDENCE - APT. HOUSE","03/22/2025","(null)","(null)","(null)","(null)",,"25-44","BLACK","F","1007554","183953","40.671563","-73.91599","(40.671563, -73.91599)","POINT (-73.91599 40.671563)"
"304058081","73","BROOKLYN","02/06/2025","21:47:00","02/06/2025","23:20:00","COMPLETED","(null)",,"97","OTHER","114","FELONY","INSIDE","ARSON","(null)","PATROL BORO BKLYN NORTH","263","ARSON 2,3,4","RESIDENCE - APT. HOUSE","04/02/2025","(null)","UNKNOWN","UNKNOWN","M",,"UNKNOWN","UNKNOWN","M","1007015","182405","40.667316","-73.917939","(40.667316, -73.917939)","POINT (-73.917939 40.667316)"
"313500361","73","BROOKLYN","01/16/2025","05:03:00","01/16/2025","05:35:00","COMPLETED","(null)",,"0","N.Y. POLICE DEPT","114","FELONY","FRONT OF","ARSON","(null)","PATROL BORO BKLYN NORTH","264","ARSON, MOTOR VEHICLE 1 2 3 & 4","STREET","01/20/2025","(null)","(null)","(null)","(null)",,"UNKNOWN","UNKNOWN","M","1007379","180545","40.662211","-73.916633","(40.662211, -73.916633)","POINT (-73.916633 40.662211)"
"306143150","46","BRONX","02/04/2025","23:00:00",,"(null)","COMPLETED","(null)",,"97","OTHER","114","FELONY","INSIDE","ARSON","(null)","PATROL BORO BRONX","263","ARSON 2,3,4","RESIDENCE-HOUSE","05/09/2025","(null)","45-64","BLACK","M",,"UNKNOWN","UNKNOWN","M","1007081","247911","40.847113","-73.917478","(40.847113, -73.917478)","POINT (-73.917478 40.847113)"
"310748503","63","BROOKLYN","07/29/2025","02:55:00",,"(null)","COMPLETED","(null)",,"97","OTHER","114","FELONY","INSIDE","ARSON","(null)","PATROL BORO BKLYN SOUTH","263","ARSON 2,3,4","RESIDENCE-HOUSE","08/06/2025","(null)","UNKNOWN","UNKNOWN","U",,"25-44","WHITE","M","1010619","160002","40.605814","-73.905034","(40.605814, -73.905034)","POINT (-73.905034 40.605814)"
"312786564","44","BRONX","07/17/2025","03:15:00","07/17/2025","03:36:00","COMPLETED","(null)",,"0","N.Y. POLICE DEPT","114","FELONY","FRONT OF","ARSON","(null)","PATROL BORO BRONX","264","ARSON, MOTOR VEHICLE 1 2 3 & 4","STREET","07/21/2025","(null)","(null)","(null)","(null)",,"25-44","BLACK HISPANIC","M","1007441","245049","40.839259","-73.916186","(40.839259, -73.916186)","POINT (-73.916186 40.839259)"
"298852117","44","BRONX","11/13/2024","17:25:00","11/13/2024","19:14:00","COMPLETED","(null)",,"97","OTHER","114","FELONY","INSIDE","ARSON","(null)","PATROL BORO BRONX","263","ARSON 2,3,4","RESIDENCE - APT. HOUSE","01/03/2025","(null)","(null)","(null)","(null)",,"UNKNOWN","UNKNOWN","D","1007191","242308","40.831734","-73.9171","(40.831734, -73.9171)","POINT (-73.9171 40.831734)"
"302228178","46","BRONX","02/04/2025","23:30:00",,"(null)","COMPLETED","(null)",,"97","OTHER","114","FELONY","INSIDE","ARSON","(null)","PATROL BORO BRONX","263","ARSON 2,3,4","RESIDENCE-HOUSE","03/07/2025","(null)","UNKNOWN","UNKNOWN","U",,"UNKNOWN","BLACK","F","1007081","247911","40.847113","-73.917478","(40.847113, -73.917478)","POINT (-73.917478 40.847113)"
"308069895","114","QUEENS","05/30/2025","22:00:00","05/30/2025","22:10:00","COMPLETED","(null)",,"0","N.Y. POLICE DEPT","114","FELONY","(null)","ARSON","ASTORIA PARK","PATROL BORO QUEENS NORTH","264","ARSON, MOTOR VEHICLE 1 2 3 & 4","PARK/PLAYGROUND","05/30/2025","(null)","UNKNOWN","UNKNOWN","U",,"UNKNOWN","UNKNOWN","M","1006969","223920","40.78125567","-73.91796501","(40.78125567, -73.91796501)","POINT (-73.91796501 40.78125567)"
"304269359","46","BRONX","04/06/2025","04:50:00","04/06/2025","04:53:00","COMPLETED","(null)",,"0","N.Y. POLICE DEPT","114","FELONY","INSIDE","ARSON","(null)","PATROL BORO BRONX","263","ARSON 2,3,4","RESIDENCE - APT. HOUSE","04/06/2025","(null)","25-44","WHITE HISPANIC","F",,"25-44","WHITE HISPANIC","F","1007521","250574","40.854421","-73.915881","(40.854421, -73.915881)","POINT (-73.915881 40.854421)"
"306340343","40","BRONX","05/10/2025","13:55:00",,"(null)","COMPLETED","(null)","811","2","N.Y. HOUSING POLICE","114","FELONY","INSIDE","ARSON","(null)","PATROL BORO BRONX","263","ARSON 2,3,4","RESIDENCE - PUBLIC HOUSING","05/13/2025","(null)","(null)","(null)","(null)",,"UNKNOWN","UNKNOWN","D","1006718","233117","40.806508","-73.918839","(40.806508, -73.918839)","POINT (-73.918839 40.806508)"
"308448182","114","QUEENS","06/03/2025","21:50:00","06/03/2025","22:05:00","COMPLETED","(null)",,"0","N.Y. POLICE DEPT","114","FELONY","OPPOSITE OF","ARSON","(null)","PATROL BORO QUEENS NORTH","264","ARSON, MOTOR VEHICLE 1 2 3 & 4","STREET","06/04/2025","(null)","(null)","(null)","(null)",,"UNKNOWN","UNKNOWN","M","1006720","224149","40.781894","-73.918864","(40.781894, -73.918864)","POINT (-73.918864 40.781894)"
"303839053","34","MANHATTAN","03/29/2025","04:38:00",,"(null)","ATTEMPTED","(null)",,"97","OTHER","114","FELONY","FRONT OF","ARSON","(null)","PATROL BORO MAN NORTH","264","ARSON, MOTOR VEHICLE 1 2 3 & 4","STREET","03/29/2025","(null)","(null)","(null)","(null)",,"UNKNOWN","WHITE HISPANIC","M","1006833","254778","40.865962","-73.918353","(40.865962, -73.918353)","POINT (-73.918353 40.865962)"
"306130546","81","BROOKLYN","04/26/2025","19:30:00","04/26/2025","19:50:00","COMPLETED","(null)",,"97","OTHER","114","FELONY","INSIDE","ARSON","(null)","PATROL BORO BKLYN NORTH","263","ARSON 2,3,4","RESIDENCE - APT. HOUSE","05/09/2025","(null)","(null)","(null)","(null)",,"UNKNOWN","UNKNOWN","D","1007937","189348","40.686371","-73.914592","(40.686371, -73.914592)","POINT (-73.914592 40.686371)"
"301835675","67","BROOKLYN","12/22/2024","12:46:00","12/22/2024","14:19:00","COMPLETED","(null)",,"97","OTHER","114","FELONY","INSIDE","ARSON","(null)","PATROL BORO BKLYN SOUTH","263","ARSON 2,3,4","RESIDENCE - APT. HOUSE","02/28/2025","(null)","UNKNOWN","UNKNOWN","M",,"UNKNOWN","UNKNOWN","M","1008463","177286","40.653261","-73.912736","(40.653261, -73.912736)","POINT (-73.912736 40.653261)"
"308965450","44","BRONX","06/13/2025","15:37:00",,"(null)","ATTEMPTED","(null)","36667","2","N.Y. HOUSING POLICE","114","FELONY","INSIDE","ARSON","(null)","PATROL BORO BRONX","263","ARSON 2,3,4","RESIDENCE - PUBLIC HOUSING","07/02/2025","(null)","UNKNOWN","UNKNOWN","U",,"65+","BLACK","F","1008150","241893","40.830592","-73.913635","(40.830592, -73.913635)","POINT (-73.913635 40.830592)"
"309763859","40","BRONX","07/04/2025","02:40:00","07/04/2025","03:00:00","COMPLETED","(null)",,"97","OTHER","114","FELONY","FRONT OF","ARSON","(null)","PATROL BORO BRONX","264","ARSON, MOTOR VEHICLE 1 2 3 & 4","STREET","07/17/2025","(null)","(null)","(null)","(null)",,"UNKNOWN","UNKNOWN","M","1008654","238138","40.820285","-73.911829","(40.820285, -73.911829)","POINT (-73.911829 40.820285)"
"302309116","69","BROOKLYN","03/09/2025","05:04:00","03/09/2025","05:07:00","ATTEMPTED","(null)",,"0","N.Y. POLICE DEPT","114","FELONY","FRONT OF","ARSON","(null)","PATROL BORO BKLYN SOUTH","263","ARSON 2,3,4","RESIDENCE-HOUSE","03/09/2025","(null)","25-44","BLACK","M",,"25-44","BLACK","F","1008810","173918","40.644017","-73.911498","(40.644017, -73.911498)","POINT (-73.911498 40.644017)"
"301097868","44","BRONX","02/08/2025","12:17:00",,"(null)","COMPLETED","(null)",,"97","OTHER","114","FELONY","INSIDE","ARSON","(null)","PATROL BORO BRONX","263","ARSON 2,3,4","RESIDENCE - APT. HOUSE","02/14/2025","(null)","(null)","(null)","(null)",,"UNKNOWN","UNKNOWN","E","1008787","243961","40.836266","-73.911328","(40.836266, -73.911328)","POINT (-73.911328 40.836266)"
"307594894","42","BRONX","05/26/2025","22:42:00",,"(null)","COMPLETED","(null)","776","2","N.Y. HOUSING POLICE","114","FELONY","INSIDE","ARSON","(null)","PATROL BORO BRONX","264","ARSON, MOTOR VEHICLE 1 2 3 & 4","RESIDENCE - PUBLIC HOUSING","06/05/2025","(null)","(null)","(null)","(null)",,"UNKNOWN","BLACK","F","1009695","243534","40.835094","-73.908048","(40.835094, -73.908048)","POINT (-73.908048 40.835094)"
"303326311","73","BROOKLYN","03/07/2025","23:00:00","03/08/2025","01:30:00","COMPLETED","(null)",,"97","OTHER","114","FELONY","INSIDE","ARSON","(null)","PATROL BORO BKLYN NORTH","263","ARSON 2,3,4","RESIDENCE - APT. HOUSE","03/19/2025","(null)","UNKNOWN","UNKNOWN","U",,"UNKNOWN","UNKNOWN","F","1009309","187922","40.682454","-73.909651","(40.682454, -73.909651)","POINT (-73.909651 40.682454)"
"312839424","40","BRONX","09/12/2025","19:55:00","09/12/2025","19:55:00","COMPLETED","(null)","850","2","N.Y. HOUSING POLICE","114","FELONY","INSIDE","ARSON","(null)","PATROL BORO BRONX","263","ARSON 2,3,4","RESIDENCE - PUBLIC HOUSING","09/13/2025","(null)","UNKNOWN","UNKNOWN","U",,"UNKNOWN","UNKNOWN","E","1009349","236355","40.81539","-73.909325","(40.81539, -73.909325)","POINT (-73.909325 40.81539)"
"303539806","46","BRONX","03/24/2025","07:37:00",,"(null)","COMPLETED","(null)",,"97","OTHER","114","FELONY","INSIDE","ARSON","(null)","PATROL BORO BRONX","263","ARSON 2,3,4","RESIDENCE - APT. HOUSE","03/24/2025","(null)","(null)","(null)","(null)",,"UNKNOWN","UNKNOWN","M","1009601","247515","40.846021","-73.908371","(40.846021, -73.908371)","POINT (-73.908371 40.846021)"
"303547359","73","BROOKLYN","03/19/2025","19:07:00",,"(null)","COMPLETED","(null)","339","2","N.Y. HOUSING POLICE","114","FELONY","INSIDE","ARSON","(null)","PATROL BORO BKLYN NORTH","263","ARSON 2,3,4","RESIDENCE - PUBLIC HOUSING","03/24/2025","(null)","UNKNOWN","UNKNOWN","M",,"UNKNOWN","UNKNOWN","M","1009850","181614","40.665137","-73.907724","(40.665137, -73.907724)","POINT (-73.907724 40.665137)"
"313233201","73","BROOKLYN","09/14/2025","08:02:00","09/14/2025","08:40:00","COMPLETED","(null)",,"97","OTHER","114","FELONY","INSIDE","ARSON","(null)","PATROL BORO BKLYN NORTH","263","ARSON 2,3,4","GROCERY/BODEGA","09/14/2025","(null)","(null)","(null)","(null)",,"UNKNOWN","UNKNOWN","D","1009652","183399","40.670038","-73.908428","(40.670038, -73.908428)","POINT (-73.908428 40.670038)"
"309128246","42","BRONX","07/05/2025","03:03:00",,"(null)","COMPLETED","(null)",,"97","OTHER","114","FELONY","REAR OF","ARSON","(null)","PATROL BORO BRONX","263","ARSON 2,3,4","RESIDENCE - APT. HOUSE","07/05/2025","(null)","UNKNOWN","UNKNOWN","U",,"65+","BLACK","M","1009389","239232","40.823286","-73.909168","(40.823286, -73.909168)","POINT (-73.909168 40.823286)"
"299846658","73","BROOKLYN","01/22/2025","03:35:00","01/22/2025","05:29:00","COMPLETED","(null)","339","2","N.Y. HOUSING POLICE","114","FELONY","INSIDE","ARSON","(null)","PATROL BORO BKLYN NORTH","263","ARSON 2,3,4","RESIDENCE - PUBLIC HOUSING","01/22/2025","(null)","UNKNOWN","BLACK","M",,"25-44","BLACK","F","1009450","182401","40.667298","-73.909163","(40.667298, -73.909163)","POINT (-73.909163 40.667298)"
"312512651","42","BRONX","07/17/2025","21:00:00","07/17/2025","21:22:00","COMPLETED","(null)","776","2","N.Y. HOUSING POLICE","114","FELONY","INSIDE","ARSON","(null)","PATROL BORO BRONX","263","ARSON 2,3,4","RESIDENCE - PUBLIC HOUSING","07/19/2025","(null)","UNKNOWN","UNKNOWN","U",,"UNKNOWN","UNKNOWN","E","1010069","244367","40.837377","-73.906692","(40.837377, -73.906692)","POINT (-73.906692 40.837377)"
"303483410","40","BRONX","03/08/2025","17:00:00","03/08/2025","17:15:00","COMPLETED","(null)",,"97","OTHER","114","FELONY","(null)","ARSON","(null)","PATROL BORO BRONX","263","ARSON 2,3,4","ABANDONED BUILDING","03/23/2025","(null)","(null)","(null)","(null)",,"UNKNOWN","UNKNOWN","D","1010421","232185","40.80393130843","-73.90546815502","(40.80393130843278, -73.90546815501958)","POINT (-73.90546815501958 40.80393130843278)"
"301351973","42","BRONX","02/19/2025","06:17:00","02/19/2025","06:34:00","COMPLETED","(null)","73252","2","N.Y. HOUSING POLICE","114","FELONY","INSIDE","ARSON","(null)","PATROL BORO BRONX","263","ARSON 2,3,4","RESIDENCE - PUBLIC HOUSING","02/19/2025","(null)","(null)","(null)","(null)",,"UNKNOWN","UNKNOWN","D","1010462","243211","40.834204","-73.905275","(40.834204, -73.905275)","POINT (-73.905275 40.834204)"
"307470327","42","BRONX","05/31/2025","14:00:00","05/31/2025","15:00:00","COMPLETED","(null)",,"97","OTHER","114","FELONY","INSIDE","ARSON","(null)","PATROL BORO BRONX","263","ARSON 2,3,4","RESIDENCE - APT. HOUSE","06/03/2025","(null)","25-44","WHITE HISPANIC","M",,"UNKNOWN","BLACK","F","1011082","241281","40.828905","-73.903044","(40.828905, -73.903044)","POINT (-73.903044 40.828905)"
"303918334","63","BROOKLYN","03/31/2025","01:50:00","03/31/2025","05:50:00","COMPLETED","(null)",,"0","N.Y. POLICE DEPT","114","FELONY","INSIDE","ARSON","(null)","PATROL BORO BKLYN SOUTH","264","ARSON, MOTOR VEHICLE 1 2 3 & 4","COMMERCIAL BUILDING","03/31/2025","(null)","(null)","(null)","(null)",,"UNKNOWN","UNKNOWN","D","1010797","163279","40.614811","-73.904383","(40.614811, -73.904383)","POINT (-73.904383 40.614811)"
"313301664","52","BRONX","09/21/2025","00:49:00",,"(null)","COMPLETED","(null)",,"0","N.Y. POLICE DEPT","114","FELONY","INSIDE","ARSON","(null)","PATROL BORO BRONX","263","ARSON 2,3,4","RESIDENCE - APT. HOUSE","09/21/2025","(null)","25-44","BLACK HISPANIC","M",,"45-64","WHITE HISPANIC","F","1010492","252600","40.859974","-73.905133","(40.859974, -73.905133)","POINT (-73.905133 40.859974)"
"300101172","73","BROOKLYN","01/26/2025","14:23:00","01/26/2025","14:50:00","COMPLETED","(null)",,"97","OTHER","114","FELONY","INSIDE","ARSON","(null)","PATROL BORO BKLYN NORTH","263","ARSON 2,3,4","HOMELESS SHELTER","01/27/2025","(null)","18-24","BLACK","M",,"45-64","BLACK","M","1010654","185578","40.676015","-73.904808","(40.676015, -73.904808)","POINT (-73.904808 40.676015)"
"300713586","44","BRONX","10/26/2024","00:42:00","10/26/2024","01:34:00","ATTEMPTED","(null)",,"0","N.Y. POLICE DEPT","114","FELONY","FRONT OF","ARSON","(null)","PATROL BORO BRONX","264","ARSON, MOTOR VEHICLE 1 2 3 & 4","STREET","01/01/2025","(null)","(null)","(null)","(null)",,"UNKNOWN","UNKNOWN","M","1010541","246379","40.842898","-73.904978","(40.842898, -73.904978)","POINT (-73.904978 40.842898)"
"306810730","46","BRONX","04/11/2025","03:40:00","04/11/2025","05:17:00","COMPLETED","(null)",,"0","N.Y. POLICE DEPT","114","FELONY","INSIDE","ARSON","(null)","PATROL BORO BRONX","263","ARSON 2,3,4","RESIDENCE - APT. HOUSE","05/21/2025","(null)","25-44","WHITE HISPANIC","U",,"65+","WHITE HISPANIC","M","1010879","250896","40.855296","-73.90374","(40.855296, -73.90374)","POINT (-73.90374 40.855296)"
"312487816","40","BRONX","09/04/2025","00:35:00","09/04/2025","00:50:00","COMPLETED","(null)",,"97","OTHER","114","FELONY","INSIDE","ARSON","(null)","PATROL BORO BRONX","263","ARSON 2,3,4","RESIDENCE - APT. HOUSE","09/07/2025","(null)","UNKNOWN","UNKNOWN","F",,"45-64","BLACK","M","1010880","235058","40.811824","-73.9038","(40.811824, -73.9038)","POINT (-73.9038 40.811824)"
"308699766","42","BRONX","06/25/2025","10:00:00","06/25/2025","11:30:00","COMPLETED","(null)",,"0","N.Y. POLICE DEPT","114","FELONY","INSIDE","ARSON","(null)","PATROL BORO BRONX","263","ARSON 2,3,4","RESIDENCE - APT. HOUSE","06/26/2025","(null)","45-64","BLACK","M",,"UNKNOWN","UNKNOWN","M","1010042","241269","40.828874","-73.906802","(40.828874, -73.906802)","POINT (-73.906802 40.828874)"
"298776156","44","BRONX","10/26/2024","00:42:00","10/26/2024","01:34:00","COMPLETED","(null)",,"0","N.Y. POLICE DEPT","114","FELONY","FRONT OF","ARSON","(null)","PATROL BORO BRONX","264","ARSON, MOTOR VEHICLE 1 2 3 & 4","STREET","01/01/2025","(null)","UNKNOWN","UNKNOWN","U",,"UNKNOWN","UNKNOWN","M","1010541","246379","40.842898","-73.904978","(40.842898, -73.904978)","POINT (-73.904978 40.842898)"
"312487817","40","BRONX","09/04/2025","00:35:00","09/04/2025","00:50:00","COMPLETED","(null)",,"97","OTHER","114","FELONY","INSIDE","ARSON","(null)","PATROL BORO BRONX","263","ARSON 2,3,4","RESIDENCE - APT. HOUSE","09/07/2025","(null)","UNKNOWN","UNKNOWN","F",,"45-64","BLACK","M","1010880","235058","40.811824","-73.9038","(40.811824, -73.9038)","POINT (-73.9038 40.811824)"
"313702601","46","BRONX","09/27/2025","02:26:00","09/30/2025","03:04:00","COMPLETED","(null)",,"0","N.Y. POLICE DEPT","114","FELONY","(null)","ARSON","(null)","PATROL BORO BRONX","264","ARSON, MOTOR VEHICLE 1 2 3 & 4","PARKING LOT/GARAGE (PRIVATE)","09/30/2025","(null)","UNKNOWN","UNKNOWN","U",,"UNKNOWN","UNKNOWN","M","1011911","249890","40.8525219","-73.90001315","(40.8525219, -73.90001315)","POINT (-73.90001315 40.8525219)"
"299687382","52","BRONX","01/18/2025","12:39:00","01/18/2025","12:58:00","COMPLETED","(null)",,"97","OTHER","114","FELONY","INSIDE","ARSON","(null)","PATROL BORO BRONX","264","ARSON, MOTOR VEHICLE 1 2 3 & 4","HOMELESS SHELTER","01/19/2025","(null)","UNKNOWN","UNKNOWN","U",,"UNKNOWN","UNKNOWN","D","1011559","254598","40.865456","-73.901267","(40.865456, -73.901267)","POINT (-73.901267 40.865456)"
"301560441","41","BRONX","02/23/2025","23:18:00","02/23/2025","23:41:00","COMPLETED","(null)",,"0","N.Y. POLICE DEPT","114","FELONY","INSIDE","ARSON","(null)","PATROL BORO BRONX","263","ARSON 2,3,4","RESIDENCE - APT. HOUSE","02/23/2025","(null)","18-24","BLACK","M",,"45-64","WHITE HISPANIC","M","1012655","238718","40.821866","-73.897372","(40.821866, -73.897372)","POINT (-73.897372 40.821866)"
"310825684","108","QUEENS","08/04/2025","01:15:00",,"(null)","COMPLETED","(null)",,"97","OTHER","114","FELONY","INSIDE","ARSON","(null)","PATROL BORO QUEENS NORTH","264","ARSON, MOTOR VEHICLE 1 2 3 & 4","PARKING LOT/GARAGE (PRIVATE)","08/07/2025","(null)","UNKNOWN","UNKNOWN","M",,"45-64","WHITE HISPANIC","M","1011662","209284","40.741079","-73.901077","(40.741079, -73.901077)","POINT (-73.901077 40.741079)"
"308826104","75","BROOKLYN","06/28/2025","15:54:00","06/28/2025","15:55:00","COMPLETED","(null)",,"0","N.Y. POLICE DEPT","114","FELONY","FRONT OF","ARSON","(null)","PATROL BORO BKLYN NORTH","264","ARSON, MOTOR VEHICLE 1 2 3 & 4","STREET","06/29/2025","(null)","UNKNOWN","UNKNOWN","U",,"45-64","WHITE HISPANIC","F","1012280","185680","40.676291","-73.898946","(40.676291, -73.898946)","POINT (-73.898946 40.676291)"
"301969583","50","BRONX","11/18/2024","20:13:00",,"(null)","COMPLETED","(null)","73361","2","N.Y. HOUSING POLICE","114","FELONY","INSIDE","ARSON","(null)","PATROL BORO BRONX","264","ARSON, MOTOR VEHICLE 1 2 3 & 4","RESIDENCE - PUBLIC HOUSING","03/03/2025","(null)","(null)","(null)","(null)",,"45-64","WHITE","F","1011677","259906","40.880023","-73.900816","(40.880023, -73.900816)","POINT (-73.900816 40.880023)"
"309093765","46","BRONX","06/08/2025","17:09:00",,"(null)","COMPLETED","(null)",,"97","OTHER","114","FELONY","INSIDE","ARSON","(null)","PATROL BORO BRONX","263","ARSON 2,3,4","RESIDENCE - APT. HOUSE","07/04/2025","(null)","UNKNOWN","UNKNOWN","U",,"UNKNOWN","UNKNOWN","M","1011296","249869","40.852476","-73.902236","(40.852476, -73.902236)","POINT (-73.902236 40.852476)"
"300548795","104","QUEENS","01/14/2025","02:02:00","01/14/2025","02:51:00","COMPLETED","(null)",,"0","N.Y. POLICE DEPT","114","FELONY","FRONT OF","ARSON","(null)","PATROL BORO QUEENS NORTH","264","ARSON, MOTOR VEHICLE 1 2 3 & 4","STREET","02/04/2025","(null)","(null)","(null)","(null)",,"25-44","WHITE HISPANIC","M","1011891","206537","40.733539","-73.900263","(40.733539, -73.900263)","POINT (-73.900263 40.733539)"
"300185420","42","BRONX","01/28/2025","06:56:00",,"(null)","COMPLETED","(null)",,"97","OTHER","114","FELONY","INSIDE","ARSON","(null)","PATROL BORO BRONX","263","ARSON 2,3,4","RESIDENCE - APT. HOUSE","01/28/2025","(null)","UNKNOWN","UNKNOWN","U",,"25-44","BLACK HISPANIC","F","1011283","238631","40.82163","-73.902329","(40.82163, -73.902329)","POINT (-73.902329 40.82163)"
"306671627","52","BRONX","05/17/2025","19:10:00","05/18/2025","06:40:00","COMPLETED","(null)",,"0","N.Y. POLICE DEPT","114","FELONY","(null)","ARSON","(null)","PATROL BORO BRONX","264","ARSON, MOTOR VEHICLE 1 2 3 & 4","STREET","05/18/2025","(null)","(null)","(null)","(null)",,"25-44","WHITE HISPANIC","M","1012392","253532","40.862525","-73.89826","(40.862525, -73.89826)","POINT (-73.89826 40.862525)"
"304550732","114","QUEENS","03/10/2025","01:06:00","03/10/2025","02:05:00","COMPLETED","(null)",,"0","N.Y. POLICE DEPT","114","FELONY","FRONT OF","ARSON","(null)","PATROL BORO QUEENS NORTH","264","ARSON, MOTOR VEHICLE 1 2 3 & 4","STREET","03/12/2025","(null)","(null)","(null)","(null)",,"25-44","BLACK","F","1011800","215344","40.757712","-73.900557","(40.757712, -73.900557)","POINT (-73.900557 40.757712)"
"303374563","75","BROOKLYN","03/20/2025","06:00:00","03/20/2025","06:30:00","COMPLETED","(null)",,"97","OTHER","114","FELONY","FRONT OF","ARSON","(null)","PATROL BORO BKLYN NORTH","264","ARSON, MOTOR VEHICLE 1 2 3 & 4","PARKING LOT/GARAGE (PRIVATE)","03/21/2025","(null)","UNKNOWN","UNKNOWN","U",,"UNKNOWN","UNKNOWN","M","1011762","182278","40.666953","-73.900829","(40.666953, -73.900829)","POINT (-73.900829 40.666953)"
"305388012","69","BROOKLYN","04/25/2025","05:10:00","04/25/2025","05:30:00","COMPLETED","(null)",,"97","OTHER","114","FELONY","FRONT OF","ARSON","(null)","PATROL BORO BKLYN SOUTH","263","ARSON 2,3,4","RESIDENCE-HOUSE","04/26/2025","(null)","(null)","(null)","(null)",,"65+","BLACK","F","1011464","171428","40.637175","-73.901945","(40.637175, -73.901945)","POINT (-73.901945 40.637175)"
"301549520","41","BRONX","02/19/2025","04:40:00","02/23/2025","16:36:00","COMPLETED","(null)",,"0","N.Y. POLICE DEPT","114","FELONY","FRONT OF","ARSON","(null)","PATROL BORO BRONX","264","ARSON, MOTOR VEHICLE 1 2 3 & 4","STREET","02/23/2025","(null)","UNKNOWN","UNKNOWN","U",,"25-44","BLACK HISPANIC","F","1011928","237114","40.817464","-73.900005","(40.817464, -73.900005)","POINT (-73.900005 40.817464)"
"308259178","104","QUEENS","06/17/2025","13:15:00","06/17/2025","15:50:00","COMPLETED","(null)",,"0","N.Y. POLICE DEPT","114","FELONY","INSIDE","ARSON","(null)","PATROL BORO QUEENS NORTH","263","ARSON 2,3,4","RESIDENCE - APT. HOUSE","06/18/2025","(null)","(null)","(null)","(null)",,"UNKNOWN","UNKNOWN","D","1012677","196643","40.70638","-73.897471","(40.70638, -73.897471)","POINT (-73.897471 40.70638)"
"299509583","75","BROOKLYN","01/15/2025","14:01:00","01/15/2025","14:40:00","COMPLETED","(null)",,"97","OTHER","114","FELONY","INSIDE","ARSON","(null)","PATROL BORO BKLYN NORTH","263","ARSON 2,3,4","RESIDENCE - APT. HOUSE","01/15/2025","(null)","UNKNOWN","UNKNOWN","M",,"25-44","BLACK","F","1013755","182377","40.667221","-73.893644","(40.667221, -73.893644)","POINT (-73.893644 40.667221)"
"311287141","48","BRONX","08/16/2025","03:50:00","08/16/2025","03:58:00","ATTEMPTED","(null)",,"0","N.Y. POLICE DEPT","114","FELONY","(null)","ARSON","(null)","PATROL BORO BRONX","264","ARSON, MOTOR VEHICLE 1 2 3 & 4","STREET","08/16/2025","(null)","(null)","(null)","(null)",,"UNKNOWN","UNKNOWN","E","1014065","247504","40.84596603","-73.89223766","(40.84596603, -73.89223766)","POINT (-73.89223766 40.84596603)"
"308910540","41","BRONX","07/01/2025","04:47:00","07/01/2025","05:10:00","COMPLETED","(null)",,"0","N.Y. POLICE DEPT","114","FELONY","FRONT OF","ARSON","(null)","PATROL BORO BRONX","263","ARSON 2,3,4","RESIDENCE - APT. HOUSE","07/01/2025","(null)","UNKNOWN","UNKNOWN","M",,"45-64","BLACK HISPANIC","M","1012789","238609","40.821567","-73.896887","(40.821567, -73.896887)","POINT (-73.896887 40.821567)"
"312990368","46","BRONX","09/16/2025","04:30:00","09/16/2025","04:50:00","COMPLETED","(null)",,"97","OTHER","114","FELONY","INSIDE","ARSON","(null)","PATROL BORO BRONX","263","ARSON 2,3,4","RESIDENCE - APT. HOUSE","09/16/2025","(null)","25-44","BLACK","M",,"UNKNOWN","UNKNOWN","M","1013404","251800","40.85777","-73.894607","(40.85777, -73.894607)","POINT (-73.894607 40.85777)"
"300342714","75","BROOKLYN","01/11/2025","21:51:00","01/11/2025","23:42:00","COMPLETED","(null)",,"97","OTHER","114","FELONY","INSIDE","ARSON","(null)","PATROL BORO BKLYN NORTH","263","ARSON 2,3,4","RESIDENCE - APT. HOUSE","01/31/2025","(null)","(null)","(null)","(null)",,"65+","BLACK","F","1013755","182377","40.667221","-73.893644","(40.667221, -73.893644)","POINT (-73.893644 40.667221)"
"307335549","48","BRONX","05/29/2025","05:00:00","05/29/2025","05:30:00","COMPLETED","(null)",,"97","OTHER","114","FELONY","INSIDE","ARSON","(null)","PATROL BORO BRONX","263","ARSON 2,3,4","RESIDENCE - APT. HOUSE","05/31/2025","(null)","25-44","BLACK HISPANIC","M",,"45-64","WHITE","F","1013394","250094","40.853086","-73.894651","(40.853086, -73.894651)","POINT (-73.894651 40.853086)"
"302244074","69","BROOKLYN","03/06/2025","23:41:00",,"(null)","COMPLETED","(null)",,"97","OTHER","114","FELONY","REAR OF","ARSON","(null)","PATROL BORO BKLYN SOUTH","263","ARSON 2,3,4","RESIDENCE-HOUSE","03/07/2025","(null)","(null)","(null)","(null)",,"45-64","WHITE","M","1014039","172089","40.638981","-73.892664","(40.638981, -73.892664)","POINT (-73.892664 40.638981)"
"298898734","41","BRONX","12/02/2024","19:24:00","12/02/2024","21:05:00","ATTEMPTED","(null)",,"97","OTHER","114","FELONY","INSIDE","ARSON","(null)","PATROL BORO BRONX","263","ARSON 2,3,4","RESIDENCE - APT. HOUSE","01/04/2025","(null)","(null)","(null)","(null)",,"25-44","UNKNOWN","F","1013070","238702","40.82182","-73.895872","(40.82182, -73.895872)","POINT (-73.895872 40.82182)"
"306195305","69","BROOKLYN","05/04/2025","01:30:00","05/04/2025","02:00:00","COMPLETED","(null)","227","2","N.Y. HOUSING POLICE","114","FELONY","INSIDE","ARSON","(null)","PATROL BORO BKLYN SOUTH","263","ARSON 2,3,4","RESIDENCE - PUBLIC HOUSING","05/10/2025","(null)","UNKNOWN","UNKNOWN","U",,"UNKNOWN","UNKNOWN","D","1013835","175981","40.649665","-73.893384","(40.649665, -73.893384)","POINT (-73.893384 40.649665)"
"300398223","48","BRONX","12/19/2024","18:39:00",,"(null)","COMPLETED","(null)",,"97","OTHER","114","FELONY","FRONT OF","ARSON","(null)","PATROL BORO BRONX","263","ARSON 2,3,4","STREET","02/01/2025","(null)","(null)","(null)","(null)",,"UNKNOWN","UNKNOWN","D","1013858","246267","40.842583","-73.89299","(40.842583, -73.89299)","POINT (-73.89299 40.842583)"
"306288691","75","BROOKLYN","04/13/2025","10:27:00","04/13/2025","10:43:00","COMPLETED","(null)",,"97","OTHER","114","FELONY","OPPOSITE OF","ARSON","(null)","PATROL BORO BKLYN NORTH","264","ARSON, MOTOR VEHICLE 1 2 3 & 4","STREET","05/12/2025","(null)","UNKNOWN","UNKNOWN","U",,"45-64","BLACK","M","1014242","177214","40.653046","-73.891913","(40.653046, -73.891913)","POINT (-73.891913 40.653046)"
"298984030","75","BROOKLYN","01/06/2025","02:05:00","01/06/2025","02:15:00","COMPLETED","(null)",,"0","N.Y. POLICE DEPT","114","FELONY","INSIDE","ARSON","(null)","PATROL BORO BKLYN NORTH","263","ARSON 2,3,4","RESIDENCE-HOUSE","01/06/2025","(null)","(null)","(null)","(null)",,"45-64","BLACK","M","1014103","185976","40.677098","-73.892373","(40.677098, -73.892373)","POINT (-73.892373 40.677098)"
"313467989","75","BROOKLYN","06/04/2025","03:34:00","06/04/2025","04:17:00","COMPLETED","(null)",,"0","N.Y. POLICE DEPT","114","FELONY","OPPOSITE OF","ARSON","(null)","PATROL BORO BKLYN NORTH","264","ARSON, MOTOR VEHICLE 1 2 3 & 4","STREET","06/04/2025","(null)","UNKNOWN","UNKNOWN","U",,"45-64","BLACK HISPANIC","M","1013961","187496","40.681269","-73.892877","(40.681269, -73.892877)","POINT (-73.892877 40.681269)"
"305616111","41","BRONX","04/29/2025","18:30:00","04/30/2025","03:30:00","COMPLETED","(null)",,"0","N.Y. POLICE DEPT","114","FELONY","OPPOSITE OF","ARSON","(null)","PATROL BORO BRONX","264","ARSON, MOTOR VEHICLE 1 2 3 & 4","STREET","04/30/2025","(null)","UNKNOWN","UNKNOWN","M",,"65+","WHITE HISPANIC","M","1013732","237901","40.819621","-73.893483","(40.819621, -73.893483)","POINT (-73.893483 40.819621)"
"307961508","75","BROOKLYN","06/02/2025","00:25:00","06/02/2025","00:40:00","COMPLETED","(null)","3264","2","N.Y. HOUSING POLICE","114","FELONY","INSIDE","ARSON","(null)","PATROL BORO BKLYN NORTH","263","ARSON 2,3,4","RESIDENCE - PUBLIC HOUSING","06/12/2025","(null)","(null)","(null)","(null)",,"UNKNOWN","UNKNOWN","M","1013210","182270","40.666929","-73.895609","(40.666929, -73.895609)","POINT (-73.895609 40.666929)"
"301819263","48","BRONX","02/26/2025","02:16:00","02/26/2025","03:12:00","COMPLETED","(null)",,"97","OTHER","114","FELONY","OPPOSITE OF","ARSON","(null)","PATROL BORO BRONX","264","ARSON, MOTOR VEHICLE 1 2 3 & 4","STREET","02/28/2025","(null)","(null)","(null)","(null)",,"45-64","WHITE","M","1014819","246085","40.842078","-73.889518","(40.842078, -73.889518)","POINT (-73.889518 40.842078)"
"311385506","41","BRONX","08/07/2025","21:03:00","08/07/2025","22:29:00","COMPLETED","(null)",,"97","OTHER","114","FELONY","REAR OF","ARSON","(null)","PATROL BORO BRONX","264","ARSON, MOTOR VEHICLE 1 2 3 & 4","PARKING LOT/GARAGE (PUBLIC)","08/12/2025","(null)","(null)","(null)","(null)",,"UNKNOWN","UNKNOWN","D","1014684","237713","40.8191","-73.890046","(40.8191, -73.890046)","POINT (-73.890046 40.8191)"
"309357327","52","BRONX","07/09/2025","02:25:00","07/09/2025","03:01:00","COMPLETED","(null)",,"97","OTHER","114","FELONY","FRONT OF","ARSON","(null)","PATROL BORO BRONX","264","ARSON, MOTOR VEHICLE 1 2 3 & 4","OTHER","07/10/2025","(null)","UNKNOWN","UNKNOWN","M",,"UNKNOWN","WHITE HISPANIC","F","1015765","258929","40.877327","-73.88604","(40.877327, -73.88604)","POINT (-73.88604 40.877327)"
"299123990","114","QUEENS","01/08/2025","14:36:00","01/08/2025","15:30:00","ATTEMPTED","(null)",,"97","OTHER","114","FELONY","INSIDE","ARSON","(null)","PATROL BORO QUEENS NORTH","263","ARSON 2,3,4","RESIDENCE - APT. HOUSE","01/08/2025","(null)","(null)","(null)","(null)",,"25-44","BLACK","M","1014600","219014","40.767778","-73.890433","(40.767778, -73.890433)","POINT (-73.890433 40.767778)"
"300812522","42","BRONX","09/26/2024","21:42:00","09/26/2024","22:38:00","ATTEMPTED","(null)",,"97","OTHER","114","FELONY","INSIDE","ARSON","(null)","PATROL BORO BRONX","263","ARSON 2,3,4","RESIDENCE - APT. HOUSE","02/09/2025","(null)","UNKNOWN","UNKNOWN","U",,"UNKNOWN","UNKNOWN","M","1015830","242319","40.831739","-73.885881","(40.831739, -73.885881)","POINT (-73.885881 40.831739)"
"308727252","41","BRONX","06/01/2025","16:00:00","06/01/2025","16:15:00","COMPLETED","(null)",,"0","N.Y. POLICE DEPT","114","FELONY","FRONT OF","ARSON","(null)","PATROL BORO BRONX","264","ARSON, MOTOR VEHICLE 1 2 3 & 4","STREET","06/27/2025","(null)","(null)","(null)","(null)",,"UNKNOWN","UNKNOWN","E","1014643","237097","40.81741","-73.890197","(40.81741, -73.890197)","POINT (-73.890197 40.81741)"
"308264788","41","BRONX","06/01/2025","17:05:00","06/01/2025","17:10:00","COMPLETED","(null)",,"0","N.Y. POLICE DEPT","114","FELONY","FRONT OF","ARSON","(null)","PATROL BORO BRONX","264","ARSON, MOTOR VEHICLE 1 2 3 & 4","STREET","06/01/2025","(null)","UNKNOWN","UNKNOWN","U",,"UNKNOWN","UNKNOWN","M","1014643","237097","40.81741","-73.890197","(40.81741, -73.890197)","POINT (-73.890197 40.81741)"
"307940575","48","BRONX","06/11/2025","00:04:00",,"(null)","COMPLETED","(null)",,"97","OTHER","114","FELONY","INSIDE","ARSON","(null)","PATROL BORO BRONX","263","ARSON 2,3,4","RESIDENCE - APT. HOUSE","06/11/2025","(null)","UNKNOWN","UNKNOWN","U",,"UNKNOWN","UNKNOWN","D","1016106","245866","40.841472","-73.884868","(40.841472, -73.884868)","POINT (-73.884868 40.841472)"
"306288670","48","BRONX","05/12/2025","04:27:00","05/12/2025","05:10:00","COMPLETED","(null)",,"0","N.Y. POLICE DEPT","114","FELONY","FRONT OF","ARSON","(null)","PATROL BORO BRONX","263","ARSON 2,3,4","RESIDENCE - APT. HOUSE","05/12/2025","(null)","(null)","(null)","(null)",,"UNKNOWN","UNKNOWN","D","1016596","250802","40.855019","-73.883075","(40.855019, -73.883075)","POINT (-73.883075 40.855019)"
"299744586","114","QUEENS","12/31/2024","12:05:00",,"(null)","COMPLETED","(null)",,"72","DEPT OF CORRECTIONS","114","FELONY","INSIDE","ARSON","(null)","PATROL BORO QUEENS NORTH","263","ARSON 2,3,4","(null)","01/20/2025","(null)","18-24","BLACK HISPANIC","M",,"UNKNOWN","UNKNOWN","E","1016307","227998","40.79243","-73.884228","(40.79243, -73.884228)","POINT (-73.884228 40.79243)"
"313499047","75","BROOKLYN","06/11/2025","03:38:00","06/11/2025","04:08:00","COMPLETED","(null)",,"0","N.Y. POLICE DEPT","114","FELONY","OPPOSITE OF","ARSON","(null)","PATROL BORO BKLYN NORTH","264","ARSON, MOTOR VEHICLE 1 2 3 & 4","STREET","06/13/2025","(null)","(null)","(null)","(null)",,"45-64","WHITE","M","1016972","174003","40.644225","-73.882088","(40.644225, -73.882088)","POINT (-73.882088 40.644225)"
"305546264","42","BRONX","04/28/2025","22:40:00","04/28/2025","23:28:00","COMPLETED","(null)",,"97","OTHER","114","FELONY","OPPOSITE OF","ARSON","(null)","PATROL BORO BRONX","264","ARSON, MOTOR VEHICLE 1 2 3 & 4","STREET","04/29/2025","(null)","(null)","(null)","(null)",,"UNKNOWN","UNKNOWN","M","1016885","243883","40.836028","-73.882062","(40.836028, -73.882062)","POINT (-73.882062 40.836028)"
"300119633","48","BRONX","01/27/2025","15:11:00","01/27/2025","15:20:00","COMPLETED","(null)",,"0","N.Y. POLICE DEPT","114","FELONY","INSIDE","ARSON","(null)","PATROL BORO BRONX","263","ARSON 2,3,4","RESIDENCE - APT. HOUSE","01/27/2025","(null)","(null)","(null)","(null)",,"UNKNOWN","UNKNOWN","D","1016430","248816","40.849568","-73.883682","(40.849568, -73.883682)","POINT (-73.883682 40.849568)"
"298784667","114","QUEENS","12/09/2024","04:37:00",,"(null)","COMPLETED","(null)",,"97","OTHER","114","FELONY","INSIDE","ARSON","(null)","PATROL BORO QUEENS NORTH","263","ARSON 2,3,4","(null)","01/02/2025","(null)","18-24","WHITE HISPANIC","M",,"UNKNOWN","UNKNOWN","E","1016307","227998","40.79243","-73.884228","(40.79243, -73.884228)","POINT (-73.884228 40.79243)"
"303985227","52","BRONX","04/01/2025","05:50:00",,"(null)","ATTEMPTED","(null)",,"97","OTHER","114","FELONY","INSIDE","ARSON","(null)","PATROL BORO BRONX","263","ARSON 2,3,4","RESIDENCE - APT. HOUSE","04/01/2025","(null)","25-44","WHITE HISPANIC","M",,"UNKNOWN","BLACK HISPANIC","M","1016551","260706","40.882202","-73.883187","(40.882202, -73.883187)","POINT (-73.883187 40.882202)"
"300313990","43","BRONX","01/30/2025","08:32:00",,"(null)","COMPLETED","(null)",,"97","OTHER","114","FELONY","INSIDE","ARSON","(null)","PATROL BORO BRONX","263","ARSON 2,3,4","RESIDENCE - APT. HOUSE","01/30/2025","(null)","UNKNOWN","BLACK","M",,"25-44","WHITE HISPANIC","F","1017670","239800","40.824816","-73.879246","(40.824816, -73.879246)","POINT (-73.879246 40.824816)"
"306439315","48","BRONX","04/17/2025","01:20:00","04/17/2025","02:17:00","COMPLETED","(null)",,"0","N.Y. POLICE DEPT","114","FELONY","FRONT OF","ARSON","(null)","PATROL BORO BRONX","263","ARSON 2,3,4","RESIDENCE - APT. HOUSE","05/14/2025","(null)","(null)","(null)","(null)",,"UNKNOWN","UNKNOWN","D","1016596","250802","40.855019","-73.883075","(40.855019, -73.883075)","POINT (-73.883075 40.855019)"
"304742440","48","BRONX","04/14/2025","18:00:00","04/14/2025","19:00:00","COMPLETED","(null)",,"97","OTHER","114","FELONY","INSIDE","ARSON","(null)","PATROL BORO BRONX","263","ARSON 2,3,4","RESIDENCE - APT. HOUSE","04/14/2025","(null)","(null)","(null)","(null)",,"UNKNOWN","UNKNOWN","D","1016293","250009","40.852842","-73.884173","(40.852842, -73.884173)","POINT (-73.884173 40.852842)"
"303476515","43","BRONX","03/23/2025","00:37:00","03/23/2025","02:17:00","COMPLETED","(null)",,"0","N.Y. POLICE DEPT","114","FELONY","INSIDE","ARSON","(null)","PATROL BORO BRONX","263","ARSON 2,3,4","RESIDENCE - APT. HOUSE","03/23/2025","(null)","25-44","WHITE HISPANIC","M",,"25-44","WHITE HISPANIC","F","1017470","240176","40.825851","-73.879966","(40.825851, -73.879966)","POINT (-73.879966 40.825851)"
"312724879","48","BRONX","08/24/2025","20:59:00",,"(null)","COMPLETED","(null)",,"97","OTHER","114","FELONY","INSIDE","ARSON","(null)","PATROL BORO BRONX","263","ARSON 2,3,4","RESIDENCE - APT. HOUSE","09/11/2025","(null)","(null)","(null)","(null)",,"UNKNOWN","UNKNOWN","D","1016874","245380","40.840135","-73.882097","(40.840135, -73.882097)","POINT (-73.882097 40.840135)"
"311900406","75","BROOKLYN","08/25/2025","03:00:00","08/25/2025","04:00:00","COMPLETED","(null)",,"97","OTHER","114","FELONY","FRONT OF","ARSON","(null)","PATROL BORO BKLYN NORTH","263","ARSON 2,3,4","RESIDENCE - APT. HOUSE","08/26/2025","(null)","UNKNOWN","UNKNOWN","U",,"UNKNOWN","UNKNOWN","F","1019164","188890","40.685076","-73.874112","(40.685076, -73.874112)","POINT (-73.874112 40.685076)"
"307233131","41","BRONX","05/27/2025","17:30:00","05/27/2025","18:00:00","COMPLETED","(null)",,"72","DEPT OF CORRECTIONS","114","FELONY","INSIDE","ARSON","(null)","PATROL BORO BRONX","263","ARSON 2,3,4","(null)","05/29/2025","(null)","18-24","BLACK HISPANIC","M",,"UNKNOWN","UNKNOWN","F","1017940","232184","40.803914","-73.878308","(40.803914, -73.878308)","POINT (-73.878308 40.803914)"
"311913215","75","BROOKLYN","08/25/2025","03:00:00","08/25/2025","04:00:00","COMPLETED","(null)",,"97","OTHER","114","FELONY","FRONT OF","ARSON","(null)","PATROL BORO BKLYN NORTH","264","ARSON, MOTOR VEHICLE 1 2 3 & 4","STREET","08/26/2025","(null)","UNKNOWN","BLACK","M",,"UNKNOWN","UNKNOWN","M","1019235","187823","40.682147","-73.873861","(40.682147, -73.873861)","POINT (-73.873861 40.682147)"
"307940571","43","BRONX","06/03/2025","07:34:00",,"(null)","COMPLETED","(null)",,"97","OTHER","114","FELONY","INSIDE","ARSON","(null)","PATROL BORO BRONX","263","ARSON 2,3,4","RESIDENCE - APT. HOUSE","06/11/2025","(null)","UNKNOWN","UNKNOWN","U",,"UNKNOWN","UNKNOWN","M","1018182","239890","40.825063","-73.877397","(40.825063, -73.877397)","POINT (-73.877397 40.825063)"
"311999628","41","BRONX","08/27/2025","16:17:00","08/27/2025","16:44:00","COMPLETED","(null)",,"72","DEPT OF CORRECTIONS","114","FELONY","INSIDE","ARSON","(null)","PATROL BORO BRONX","264","ARSON, MOTOR VEHICLE 1 2 3 & 4","OTHER","08/27/2025","(null)","25-44","BLACK","M",,"UNKNOWN","UNKNOWN","E","1017940","232184","40.803914","-73.878308","(40.803914, -73.878308)","POINT (-73.878308 40.803914)"
"307161551","41","BRONX","05/27/2025","17:30:00","05/27/2025","18:15:00","COMPLETED","(null)",,"72","DEPT OF CORRECTIONS","114","FELONY","INSIDE","ARSON","(null)","PATROL BORO BRONX","263","ARSON 2,3,4","(null)","05/28/2025","(null)","18-24","BLACK HISPANIC","M",,"UNKNOWN","UNKNOWN","F","1017940","232184","40.803914","-73.878308","(40.803914, -73.878308)","POINT (-73.878308 40.803914)"
"312894568","52","BRONX","09/14/2025","16:15:00",,"(null)","COMPLETED","(null)",,"0","N.Y. POLICE DEPT","114","FELONY","(null)","ARSON","(null)","PATROL BORO BRONX","264","ARSON, MOTOR VEHICLE 1 2 3 & 4","STREET","09/14/2025","(null)","65+","WHITE HISPANIC","M",,"45-64","WHITE HISPANIC","F","1019706","259126","40.87784403","-73.87178756","(40.87784403, -73.87178756)","POINT (-73.87178756 40.87784403)"
"311926738","75","BROOKLYN","08/26/2025","02:10:00","08/26/2025","02:15:00","COMPLETED","(null)",,"0","N.Y. POLICE DEPT","114","FELONY","FRONT OF","ARSON","(null)","PATROL BORO BKLYN NORTH","264","ARSON, MOTOR VEHICLE 1 2 3 & 4","STREET","08/26/2025","(null)","UNKNOWN","UNKNOWN","U",,"25-44","WHITE HISPANIC","M","1018645","186255","40.677847","-73.875999","(40.677847, -73.875999)","POINT (-73.875999 40.677847)"
"311138010","75","BROOKLYN","08/13/2025","13:00:00","08/13/2025","13:35:00","COMPLETED","(null)",,"0","N.Y. POLICE DEPT","114","FELONY","INSIDE","ARSON","(null)","PATROL BORO BKLYN NORTH","263","ARSON 2,3,4","RESIDENCE - APT. HOUSE","08/13/2025","(null)","18-24","BLACK","F",,"UNKNOWN","UNKNOWN","D","1019235","187823","40.682147","-73.873861","(40.682147, -73.873861)","POINT (-73.873861 40.682147)"
"307161550","41","BRONX","05/27/2025","17:30:00","05/27/2025","18:15:00","COMPLETED","(null)",,"72","DEPT OF CORRECTIONS","114","FELONY","INSIDE","ARSON","(null)","PATROL BORO BRONX","263","ARSON 2,3,4","(null)","05/28/2025","(null)","18-24","BLACK HISPANIC","M",,"UNKNOWN","UNKNOWN","F","1017940","232184","40.803914","-73.878308","(40.803914, -73.878308)","POINT (-73.878308 40.803914)"
"308328240","41","BRONX","06/18/2025","16:00:00",,"(null)","COMPLETED","(null)",,"97","OTHER","114","FELONY","INSIDE","ARSON","(null)","PATROL BORO BRONX","263","ARSON 2,3,4","(null)","06/19/2025","(null)","18-24","WHITE HISPANIC","M",,"UNKNOWN","UNKNOWN","E","1017940","232184","40.803914","-73.878308","(40.803914, -73.878308)","POINT (-73.878308 40.803914)"
"303579768","75","BROOKLYN","03/23/2025","03:50:00","03/23/2025","04:10:00","COMPLETED","(null)",,"0","N.Y. POLICE DEPT","114","FELONY","REAR OF","ARSON","(null)","PATROL BORO BKLYN NORTH","264","ARSON, MOTOR VEHICLE 1 2 3 & 4","TRANSIT FACILITY (OTHER)","03/25/2025","(null)","(null)","(null)","(null)",,"UNKNOWN","UNKNOWN","F","1017846","181402","40.664529","-73.878902","(40.664529, -73.878902)","POINT (-73.878902 40.664529)"
"299983967","75","BROOKLYN","01/17/2025","04:06:00","01/17/2025","04:50:00","COMPLETED","(null)",,"97","OTHER","114","FELONY","INSIDE","ARSON","(null)","PATROL BORO BKLYN NORTH","263","ARSON 2,3,4","RESIDENCE-HOUSE","01/24/2025","(null)","(null)","(null)","(null)",,"45-64","BLACK","F","1019559","178913","40.657691","-73.872741","(40.657691, -73.872741)","POINT (-73.872741 40.657691)"
"307032285","75","BROOKLYN","05/25/2025","22:30:00","05/25/2025","22:40:00","COMPLETED","(null)",,"0","N.Y. POLICE DEPT","114","FELONY","INSIDE","ARSON","(null)","PATROL BORO BKLYN NORTH","263","ARSON 2,3,4","RESIDENCE - APT. HOUSE","05/26/2025","(null)","25-44","BLACK","F",,"UNKNOWN","UNKNOWN","D","1018545","186082","40.677373","-73.876358","(40.677373, -73.876358)","POINT (-73.876358 40.677373)"
"311149292","75","BROOKLYN","08/13/2025","01:57:00","08/13/2025","02:30:00","COMPLETED","(null)",,"97","OTHER","114","FELONY","(null)","ARSON","(null)","PATROL BORO BKLYN NORTH","264","ARSON, MOTOR VEHICLE 1 2 3 & 4","STREET","08/13/2025","(null)","UNKNOWN","WHITE HISPANIC","M",,"UNKNOWN","UNKNOWN","M","1019077","180289","40.66145983","-73.87447062","(40.66145983, -73.87447062)","POINT (-73.87447062 40.66145983)"
"307161549","41","BRONX","05/27/2025","17:30:00","05/27/2025","18:15:00","COMPLETED","(null)",,"72","DEPT OF CORRECTIONS","114","FELONY","INSIDE","ARSON","(null)","PATROL BORO BRONX","263","ARSON 2,3,4","(null)","05/28/2025","(null)","18-24","BLACK HISPANIC","M",,"UNKNOWN","BLACK HISPANIC","F","1017940","232184","40.803914","-73.878308","(40.803914, -73.878308)","POINT (-73.878308 40.803914)"
"305414103","75","BROOKLYN","04/27/2025","09:00:00","04/27/2025","09:30:00","COMPLETED","(null)",,"0","N.Y. POLICE DEPT","114","FELONY","INSIDE","ARSON","(null)","PATROL BORO BKLYN NORTH","263","ARSON 2,3,4","RESIDENCE-HOUSE","04/27/2025","(null)","25-44","UNKNOWN","M",,"45-64","BLACK","F","1018631","185630","40.67613","-73.87605","(40.67613, -73.87605)","POINT (-73.87605 40.67613)"
"307838200","75","BROOKLYN","05/15/2025","03:30:00","05/15/2025","05:50:00","COMPLETED","(null)",,"0","N.Y. POLICE DEPT","114","FELONY","FRONT OF","ARSON","(null)","PATROL BORO BKLYN NORTH","264","ARSON, MOTOR VEHICLE 1 2 3 & 4","STREET","05/16/2025","(null)","(null)","(null)","(null)",,"UNKNOWN","UNKNOWN","F","1021496","177428","40.653607","-73.865767","(40.653607, -73.865767)","POINT (-73.865767 40.653607)"
"302230866","47","BRONX","02/14/2025","13:20:00","02/14/2025","17:23:00","COMPLETED","(null)",,"97","OTHER","114","FELONY","INSIDE","ARSON","(null)","PATROL BORO BRONX","263","ARSON 2,3,4","RESIDENCE-HOUSE","03/07/2025","(null)","(null)","(null)","(null)",,"65+","WHITE HISPANIC","F","1020708","257825","40.874278","-73.86817","(40.874278, -73.86817)","POINT (-73.86817 40.874278)"
"308470846","49","BRONX","06/01/2025","01:00:00","06/01/2025","03:00:00","COMPLETED","(null)",,"0","N.Y. POLICE DEPT","114","FELONY","OPPOSITE OF","ARSON","(null)","PATROL BORO BRONX","264","ARSON, MOTOR VEHICLE 1 2 3 & 4","STREET","06/22/2025","(null)","(null)","(null)","(null)",,"25-44","UNKNOWN","F","1021396","251011","40.855573","-73.86572","(40.855573, -73.86572)","POINT (-73.86572 40.855573)"
"307698093","47","BRONX","03/14/2025","16:32:00",,"(null)","COMPLETED","(null)",,"0","N.Y. POLICE DEPT","114","FELONY","INSIDE","ARSON","(null)","PATROL BORO BRONX","263","ARSON 2,3,4","RESIDENCE - APT. HOUSE","06/07/2025","(null)","UNKNOWN","UNKNOWN","U",,"25-44","BLACK","M","1021270","261592","40.884615","-73.866119","(40.884615, -73.866119)","POINT (-73.866119 40.884615)"
"310401890","47","BRONX","07/28/2025","10:30:00",,"(null)","COMPLETED","(null)",,"0","N.Y. POLICE DEPT","114","FELONY","FRONT OF","ARSON","(null)","PATROL BORO BRONX","261","ARSON 1","HOMELESS SHELTER","07/28/2025","(null)","25-44","BLACK","M",,"UNKNOWN","UNKNOWN","D","1021416","257785","40.874167","-73.865612","(40.874167, -73.865612)","POINT (-73.865612 40.874167)"
"311970627","43","BRONX","08/10/2025","03:30:00","08/10/2025","03:45:00","COMPLETED","(null)","911","2","N.Y. HOUSING POLICE","114","FELONY","INSIDE","ARSON","(null)","PATROL BORO BRONX","263","ARSON 2,3,4","RESIDENCE - PUBLIC HOUSING","08/27/2025","(null)","(null)","(null)","(null)",,"UNKNOWN","UNKNOWN","D","1021514","239266","40.823336","-73.865358","(40.823336, -73.865358)","POINT (-73.865358 40.823336)"
"298878856","43","BRONX","01/04/2025","06:00:00","01/04/2025","06:30:00","COMPLETED","(null)",,"0","N.Y. POLICE DEPT","114","FELONY","FRONT OF","ARSON","(null)","PATROL BORO BRONX","264","ARSON, MOTOR VEHICLE 1 2 3 & 4","STREET","01/04/2025","(null)","UNKNOWN","UNKNOWN","U",,"25-44","WHITE HISPANIC","M","1021279","244027","40.836404","-73.866183","(40.836404, -73.866183)","POINT (-73.866183 40.836404)"
"304442950","47","BRONX","01/08/2025","20:00:00","01/08/2025","21:09:00","COMPLETED","(null)",,"97","OTHER","114","FELONY","(null)","ARSON","(null)","PATROL BORO BRONX","264","ARSON, MOTOR VEHICLE 1 2 3 & 4","STREET","04/09/2025","(null)","(null)","(null)","(null)",,"25-44","UNKNOWN","M","1020461","267768","40.9015605","-73.86901068","(40.9015605, -73.86901068)","POINT (-73.86901068 40.9015605)"
"304372613","49","BRONX","02/18/2025","22:11:00","02/18/2025","22:40:00","COMPLETED","(null)",,"97","OTHER","114","FELONY","(null)","ARSON","(null)","PATROL BORO BRONX","264","ARSON, MOTOR VEHICLE 1 2 3 & 4","STREET","04/08/2025","(null)","(null)","(null)","(null)",,"25-44","UNKNOWN","M","1021000","248310","40.84815212","-73.86716764","(40.84815212, -73.86716764)","POINT (-73.86716764 40.84815212)"
"299400196","43","BRONX","01/01/2025","22:35:00","01/01/2025","22:59:00","COMPLETED","(null)","66563","2","N.Y. HOUSING POLICE","114","FELONY","INSIDE","ARSON","(null)","PATROL BORO BRONX","263","ARSON 2,3,4","RESIDENCE - PUBLIC HOUSING","01/14/2025","(null)","(null)","(null)","(null)",,"UNKNOWN","UNKNOWN","D","1021250","240020","40.825407","-73.866308","(40.825407, -73.866308)","POINT (-73.866308 40.825407)"
"298803208","49","BRONX","12/24/2024","21:26:00",,"(null)","COMPLETED","(null)","34805","2","N.Y. HOUSING POLICE","114","FELONY","INSIDE","ARSON","(null)","PATROL BORO BRONX","263","ARSON 2,3,4","RESIDENCE - PUBLIC HOUSING","01/02/2025","(null)","(null)","(null)","(null)",,"65+","UNKNOWN","F","1020673","255267","40.867259","-73.86831","(40.867259, -73.86831)","POINT (-73.86831 40.867259)"
"312800253","49","BRONX","09/12/2025","04:58:00","09/12/2025","06:40:00","COMPLETED","(null)",,"0","N.Y. POLICE DEPT","114","FELONY","OPPOSITE OF","ARSON","(null)","PATROL BORO BRONX","264","ARSON, MOTOR VEHICLE 1 2 3 & 4","STREET","09/12/2025","(null)","(null)","(null)","(null)",,"UNKNOWN","BLACK HISPANIC","F","1020156","251717","40.857517","-73.8702","(40.857517, -73.8702)","POINT (-73.8702 40.857517)"
"300781740","104","QUEENS","02/05/2025","22:19:00","02/05/2025","23:07:00","COMPLETED","(null)",,"97","OTHER","114","FELONY","FRONT OF","ARSON","(null)","PATROL BORO QUEENS NORTH","263","ARSON 2,3,4","COMMERCIAL BUILDING","02/08/2025","(null)","(null)","(null)","(null)",,"UNKNOWN","UNKNOWN","D","1019964","195324","40.702733","-73.871192","(40.702733, -73.871192)","POINT (-73.871192 40.702733)"
"303765406","43","BRONX","03/28/2025","01:36:00",,"(null)","COMPLETED","(null)",,"0","N.Y. POLICE DEPT","114","FELONY","FRONT OF","ARSON","(null)","PATROL BORO BRONX","264","ARSON, MOTOR VEHICLE 1 2 3 & 4","STREET","03/28/2025","(null)","(null)","(null)","(null)",,"25-44","WHITE HISPANIC","F","1021992","238126","40.820204","-73.863639","(40.820204, -73.863639)","POINT (-73.863639 40.820204)"
"306930439","75","BROOKLYN","05/22/2025","13:00:00",,"13:22:00","COMPLETED","(null)",,"97","OTHER","114","FELONY","INSIDE","ARSON","(null)","PATROL BORO BKLYN NORTH","263","ARSON 2,3,4","RESIDENCE - APT. HOUSE","05/23/2025","(null)","UNKNOWN","UNKNOWN","U",,"UNKNOWN","UNKNOWN","D","1022254","183463","40.670168","-73.863","(40.670168, -73.863)","POINT (-73.863 40.670168)"
"299960486","102","QUEENS","10/05/2024","03:18:00","10/05/2024","03:42:00","COMPLETED","(null)",,"0","N.Y. POLICE DEPT","114","FELONY","FRONT OF","ARSON","(null)","PATROL BORO QUEENS SOUTH","264","ARSON, MOTOR VEHICLE 1 2 3 & 4","STREET","01/06/2025","(null)","(null)","(null)","(null)",,"25-44","ASIAN / PACIFIC ISLANDER","M","1023107","188104","40.682903","-73.859899","(40.682903, -73.859899)","POINT (-73.859899 40.682903)"
"306288707","106","QUEENS","12/30/2024","00:17:00","12/30/2024","00:47:00","COMPLETED","(null)",,"97","OTHER","114","FELONY","OPPOSITE OF","ARSON","(null)","PATROL BORO QUEENS SOUTH","264","ARSON, MOTOR VEHICLE 1 2 3 & 4","STREET","05/12/2025","(null)","(null)","(null)","(null)",,"UNKNOWN","UNKNOWN","F","1023865","186072","40.677322","-73.857178","(40.677322, -73.857178)","POINT (-73.857178 40.677322)"
"302690013","47","BRONX","03/12/2025","13:00:00","03/12/2025","14:00:00","COMPLETED","(null)",,"0","N.Y. POLICE DEPT","114","FELONY","INSIDE","ARSON","(null)","PATROL BORO BRONX","263","ARSON 2,3,4","RESIDENCE - APT. HOUSE","03/12/2025","(null)","25-44","BLACK","F",,"25-44","WHITE","M","1021554","261934","40.885553","-73.865088","(40.885553, -73.865088)","POINT (-73.865088 40.885553)"
"305584654","43","BRONX","04/26/2025","10:50:00","04/26/2025","11:11:00","COMPLETED","(null)","66563","2","N.Y. HOUSING POLICE","114","FELONY","INSIDE","ARSON","(null)","PATROL BORO BRONX","263","ARSON 2,3,4","RESIDENCE - PUBLIC HOUSING","04/30/2025","(null)","(null)","(null)","(null)",,"UNKNOWN","UNKNOWN","D","1021566","240494","40.826707","-73.865166","(40.826707, -73.865166)","POINT (-73.865166 40.826707)"
"303765405","43","BRONX","03/28/2025","01:32:00","03/28/2025","01:43:00","COMPLETED","(null)","930","2","N.Y. HOUSING POLICE","114","FELONY","REAR OF","ARSON","(null)","PATROL BORO BRONX","264","ARSON, MOTOR VEHICLE 1 2 3 & 4","RESIDENCE - PUBLIC HOUSING","03/28/2025","(null)","UNKNOWN","UNKNOWN","U",,"25-44","WHITE HISPANIC","M","1021992","238126","40.820204","-73.863639","(40.820204, -73.863639)","POINT (-73.863639 40.820204)"
"305580691","43","BRONX","04/29/2025","16:55:00",,"(null)","COMPLETED","(null)","66563","2","N.Y. HOUSING POLICE","114","FELONY","INSIDE","ARSON","(null)","PATROL BORO BRONX","263","ARSON 2,3,4","RESIDENCE - PUBLIC HOUSING","04/30/2025","(null)","(null)","(null)","(null)",,"UNKNOWN","UNKNOWN","D","1021566","240494","40.826707","-73.865166","(40.826707, -73.865166)","POINT (-73.865166 40.826707)"
"310584780","49","BRONX","08/01/2025","00:01:00","08/01/2025","00:15:00","COMPLETED","(null)",,"97","OTHER","114","FELONY","REAR OF","ARSON","(null)","PATROL BORO BRONX","263","ARSON 2,3,4","RESIDENCE-HOUSE","08/02/2025","(null)","(null)","(null)","(null)",,"45-64","BLACK","F","1023003","247170","40.845025","-73.859933","(40.845025, -73.859933)","POINT (-73.859933 40.845025)"
"313509960","75","BROOKLYN","09/21/2025","14:09:00","09/21/2025","18:09:00","COMPLETED","(null)",,"97","OTHER","114","FELONY","REAR OF","ARSON","(null)","PATROL BORO BKLYN NORTH","264","ARSON, MOTOR VEHICLE 1 2 3 & 4","PARKING LOT/GARAGE (PRIVATE)","09/26/2025","(null)","(null)","(null)","(null)",,"UNKNOWN","UNKNOWN","D","1022957","181217","40.664","-73.860479","(40.664, -73.860479)","POINT (-73.860479 40.664)"
"299167961","43","BRONX","12/09/2024","08:19:00","12/09/2024","10:33:00","ATTEMPTED","(null)","887","2","N.Y. HOUSING POLICE","114","FELONY","INSIDE","ARSON","(null)","PATROL BORO BRONX","263","ARSON 2,3,4","RESIDENCE - PUBLIC HOUSING","01/09/2025","(null)","(null)","(null)","(null)",,"UNKNOWN","UNKNOWN","M","1026737","237778","40.81923","-73.846499","(40.81923, -73.846499)","POINT (-73.846499 40.81923)"
"301919550","109","QUEENS","02/23/2025","17:42:00",,"(null)","COMPLETED","(null)",,"97","OTHER","114","FELONY","INSIDE","ARSON","(null)","PATROL BORO QUEENS NORTH","263","ARSON 2,3,4","RESIDENCE-HOUSE","03/02/2025","(null)","(null)","(null)","(null)",,"UNKNOWN","UNKNOWN","D","1026148","223820","40.780921","-73.848712","(40.780921, -73.848712)","POINT (-73.848712 40.780921)"
"311876076","43","BRONX","08/24/2025","19:57:00","08/24/2025","20:30:00","COMPLETED","(null)",,"97","OTHER","114","FELONY","FRONT OF","ARSON","(null)","PATROL BORO BRONX","263","ARSON 2,3,4","RESIDENCE-HOUSE","08/25/2025","(null)","UNKNOWN","UNKNOWN","M",,"UNKNOWN","UNKNOWN","M","1026226","236504","40.815734","-73.848352","(40.815734, -73.848352)","POINT (-73.848352 40.815734)"
"299262359","47","BRONX","01/11/2025","08:50:00","01/11/2025","09:00:00","COMPLETED","(null)",,"0","N.Y. POLICE DEPT","114","FELONY","FRONT OF","ARSON","(null)","PATROL BORO BRONX","264","ARSON, MOTOR VEHICLE 1 2 3 & 4","RESIDENCE-HOUSE","01/11/2025","(null)","UNKNOWN","UNKNOWN","U",,"25-44","BLACK","M","1024818","260117","40.880552","-73.853295","(40.880552, -73.853295)","POINT (-73.853295 40.880552)"
"308387706","47","BRONX","04/25/2025","03:50:00","04/25/2025","04:00:00","COMPLETED","(null)",,"0","N.Y. POLICE DEPT","114","FELONY","FRONT OF","ARSON","(null)","PATROL BORO BRONX","264","ARSON, MOTOR VEHICLE 1 2 3 & 4","RESIDENCE-HOUSE","06/20/2025","(null)","45-64","BLACK","M",,"25-44","BLACK","F","1025805","262121","40.886048","-73.849713","(40.886048, -73.849713)","POINT (-73.849713 40.886048)"
"300393054","49","BRONX","01/02/2025","13:50:00",,"(null)","COMPLETED","(null)",,"97","OTHER","114","FELONY","INSIDE","ARSON","(null)","PATROL BORO BRONX","264","ARSON, MOTOR VEHICLE 1 2 3 & 4","RESIDENCE-HOUSE","02/01/2025","(null)","(null)","(null)","(null)",,"UNKNOWN","UNKNOWN","D","1024008","246560","40.843344","-73.856304","(40.843344, -73.856304)","POINT (-73.856304 40.843344)"
"312189983","43","BRONX","08/31/2025","13:18:00","08/31/2025","14:40:00","COMPLETED","(null)","887","2","N.Y. HOUSING POLICE","114","FELONY","INSIDE","ARSON","(null)","PATROL BORO BRONX","263","ARSON 2,3,4","RESIDENCE - PUBLIC HOUSING","09/01/2025","(null)","(null)","(null)","(null)",,"UNKNOWN","UNKNOWN","E","1026269","237948","40.819698","-73.848186","(40.819698, -73.848186)","POINT (-73.848186 40.819698)"
"306469122","47","BRONX","01/31/2025","12:51:00",,"(null)","COMPLETED","(null)",,"97","OTHER","114","FELONY","FRONT OF","ARSON","(null)","PATROL BORO BRONX","263","ARSON 2,3,4","RESTAURANT/DINER","05/15/2025","(null)","(null)","(null)","(null)",,"UNKNOWN","UNKNOWN","D","1025653","258347","40.875689","-73.850288","(40.875689, -73.850288)","POINT (-73.850288 40.875689)"
"302885734","102","QUEENS","03/16/2025","01:14:00","03/16/2025","01:21:00","COMPLETED","(null)",,"0","N.Y. POLICE DEPT","114","FELONY","FRONT OF","ARSON","(null)","PATROL BORO QUEENS SOUTH","264","ARSON, MOTOR VEHICLE 1 2 3 & 4","RESIDENCE-HOUSE","03/16/2025","(null)","25-44","UNKNOWN","M",,"25-44","ASIAN / PACIFIC ISLANDER","M","1030162","191193","40.691348","-73.834441","(40.691348, -73.834441)","POINT (-73.834441 40.691348)"
"299795290","47","BRONX","01/16/2025","03:30:00","01/16/2025","12:00:00","COMPLETED","(null)",,"0","N.Y. POLICE DEPT","114","FELONY","INSIDE","ARSON","(null)","PATROL BORO BRONX","263","ARSON 2,3,4","RESIDENCE - APT. HOUSE","01/21/2025","(null)","25-44","BLACK","M",,"45-64","BLACK","F","1027855","268138","40.902551","-73.842261","(40.902551, -73.842261)","POINT (-73.842261 40.902551)"
"312811633","109","QUEENS","09/12/2025","06:21:00",,"(null)","COMPLETED","(null)",,"97","OTHER","114","FELONY","INSIDE","ARSON","(null)","PATROL BORO QUEENS NORTH","264","ARSON, MOTOR VEHICLE 1 2 3 & 4","RESIDENCE-HOUSE","09/12/2025","(null)","25-44","WHITE HISPANIC","M",,"65+","WHITE HISPANIC","M","1027452","224901","40.783881","-73.843996","(40.783881, -73.843996)","POINT (-73.843996 40.783881)"
"301599856","110","QUEENS","02/24/2025","01:47:00","02/24/2025","02:27:00","COMPLETED","(null)",,"97","OTHER","114","FELONY","(null)","ARSON","(null)","PATROL BORO QUEENS NORTH","264","ARSON, MOTOR VEHICLE 1 2 3 & 4","STREET","02/24/2025","(null)","(null)","(null)","(null)",,"18-24","BLACK HISPANIC","M","1029736","210443","40.74417699984","-73.83584805299","(40.74417699984031, -73.83584805298892)","POINT (-73.83584805298892 40.74417699984031)"
"308604009","109","QUEENS","06/22/2025","10:30:00","06/24/2025","07:45:00","COMPLETED","(null)",,"0","N.Y. POLICE DEPT","114","FELONY","(null)","ARSON","(null)","PATROL BORO QUEENS NORTH","264","ARSON, MOTOR VEHICLE 1 2 3 & 4","STREET","06/24/2025","(null)","UNKNOWN","UNKNOWN","U",,"25-44","WHITE","M","1030399","219279","40.76842608","-73.83339474","(40.76842608, -73.83339474)","POINT (-73.83339474 40.76842608)"
"303547337","47","BRONX","11/19/2024","04:11:00","11/19/2024","04:35:00","COMPLETED","(null)",,"0","N.Y. POLICE DEPT","114","FELONY","FRONT OF","ARSON","(null)","PATROL BORO BRONX","264","ARSON, MOTOR VEHICLE 1 2 3 & 4","STREET","01/20/2025","(null)","(null)","(null)","(null)",,"UNKNOWN","UNKNOWN","M","1029970","256083","40.869453","-73.834691","(40.869453, -73.834691)","POINT (-73.834691 40.869453)"
"308706865","45","BRONX","06/26/2025","13:35:00",,"(null)","COMPLETED","(null)",,"97","OTHER","114","FELONY","INSIDE","ARSON","(null)","PATROL BORO BRONX","263","ARSON 2,3,4","RESIDENCE - APT. HOUSE","06/26/2025","(null)","(null)","(null)","(null)",,"UNKNOWN","UNKNOWN","D","1027129","245205","40.839611","-73.845033","(40.839611, -73.845033)","POINT (-73.845033 40.839611)"
"313349951","102","QUEENS","09/21/2025","05:52:00","09/21/2025","06:28:00","COMPLETED","(null)",,"97","OTHER","114","FELONY","FRONT OF","ARSON","(null)","PATROL BORO QUEENS SOUTH","264","ARSON, MOTOR VEHICLE 1 2 3 & 4","STREET","09/23/2025","(null)","UNKNOWN","UNKNOWN","U",,"45-64","WHITE HISPANIC","F","1030184","194453","40.700296","-73.834338","(40.700296, -73.834338)","POINT (-73.834338 40.700296)"
"307779302","102","QUEENS","12/09/2024","00:29:00","12/09/2024","00:58:00","COMPLETED","(null)",,"97","OTHER","114","FELONY","OPPOSITE OF","ARSON","(null)","PATROL BORO QUEENS SOUTH","264","ARSON, MOTOR VEHICLE 1 2 3 & 4","STREET","06/09/2025","(null)","(null)","(null)","(null)",,"UNKNOWN","UNKNOWN","F","1034406","193584","40.697888","-73.819119","(40.697888, -73.819119)","POINT (-73.819119 40.697888)"
"306315977","45","BRONX","04/30/2025","20:00:00","04/30/2025","22:00:00","COMPLETED","(null)",,"97","OTHER","114","FELONY","INSIDE","ARSON","(null)","PATROL BORO BRONX","263","ARSON 2,3,4","RESIDENCE - APT. HOUSE","05/13/2025","(null)","(null)","(null)","(null)",,"UNKNOWN","UNKNOWN","D","1031237","257081","40.872188","-73.830103","(40.872188, -73.830103)","POINT (-73.830103 40.872188)"
"303772492","45","BRONX","03/28/2025","01:40:00","03/28/2025","01:50:00","COMPLETED","(null)",,"0","N.Y. POLICE DEPT","114","FELONY","FRONT OF","ARSON","(null)","PATROL BORO BRONX","264","ARSON, MOTOR VEHICLE 1 2 3 & 4","STREET","03/28/2025","(null)","UNKNOWN","UNKNOWN","U",,"25-44","WHITE HISPANIC","F","1033304","237291","40.817858","-73.822774","(40.817858, -73.822774)","POINT (-73.822774 40.817858)"
"312737184","109","QUEENS","09/11/2025","08:00:00","09/11/2025","08:25:00","COMPLETED","(null)",,"0","N.Y. POLICE DEPT","114","FELONY","FRONT OF","ARSON","(null)","PATROL BORO QUEENS NORTH","263","ARSON 2,3,4","RESIDENCE-HOUSE","09/11/2025","(null)","25-44","WHITE HISPANIC","M",,"45-64","ASIAN / PACIFIC ISLANDER","M","1033792","217711","40.764114","-73.821158","(40.764114, -73.821158)","POINT (-73.821158 40.764114)"
"299411478","109","QUEENS","01/08/2025","13:44:00","01/08/2025","15:36:00","COMPLETED","(null)",,"97","OTHER","114","FELONY","INSIDE","ARSON","(null)","PATROL BORO QUEENS NORTH","263","ARSON 2,3,4","SMOKE SHOP","01/14/2025","(null)","(null)","(null)","(null)",,"UNKNOWN","UNKNOWN","D","1033537","217971","40.76483","-73.822076","(40.76483, -73.822076)","POINT (-73.822076 40.76483)"
"307476338","102","QUEENS","06/03/2025","01:50:00","06/03/2025","02:00:00","COMPLETED","(null)",,"0","N.Y. POLICE DEPT","114","FELONY","INSIDE","ARSON","(null)","PATROL BORO QUEENS SOUTH","263","ARSON 2,3,4","RESIDENCE - APT. HOUSE","06/03/2025","(null)","25-44","BLACK HISPANIC","M",,"UNKNOWN","UNKNOWN","D","1032272","198532","40.711482","-73.826779","(40.711482, -73.826779)","POINT (-73.826779 40.711482)"
"309121930","109","QUEENS","07/05/2025","10:15:00","07/05/2025","10:25:00","COMPLETED","(null)",,"0","N.Y. POLICE DEPT","114","FELONY","FRONT OF","ARSON","(null)","PATROL BORO QUEENS NORTH","263","ARSON 2,3,4","STREET","07/05/2025","(null)","18-24","BLACK HISPANIC","M",,"UNKNOWN","UNKNOWN","E","1032430","221757","40.775226","-73.826044","(40.775226, -73.826044)","POINT (-73.826044 40.775226)"
"313464873","100","QUEENS","05/26/2025","01:41:00","05/26/2025","02:30:00","COMPLETED","(null)",,"97","OTHER","114","FELONY","FRONT OF","ARSON","(null)","PATROL BORO QUEENS SOUTH","264","ARSON, MOTOR VEHICLE 1 2 3 & 4","STREET","09/25/2025","(null)","(null)","(null)","(null)",,"25-44","BLACK HISPANIC","M","1034503","152593","40.585375","-73.819074","(40.585375, -73.819074)","POINT (-73.819074 40.585375)"
"305305201","107","QUEENS","04/24/2025","00:45:00","04/24/2025","01:15:00","COMPLETED","(null)",,"97","OTHER","114","FELONY","FRONT OF","ARSON","(null)","PATROL BORO QUEENS SOUTH","264","ARSON, MOTOR VEHICLE 1 2 3 & 4","OTHER","04/24/2025","(null)","UNKNOWN","UNKNOWN","U",,"UNKNOWN","UNKNOWN","D","1038383","202843","40.723277","-73.804705","(40.723277, -73.804705)","POINT (-73.804705 40.723277)"
"313101993","113","QUEENS","09/18/2025","03:50:00","09/18/2025","04:00:00","COMPLETED","(null)",,"0","N.Y. POLICE DEPT","114","FELONY","FRONT OF","ARSON","(null)","PATROL BORO QUEENS SOUTH","264","ARSON, MOTOR VEHICLE 1 2 3 & 4","STREET","09/18/2025","(null)","UNKNOWN","UNKNOWN","U",,"25-44","ASIAN / PACIFIC ISLANDER","M","1039865","189211","40.685851","-73.799468","(40.685851, -73.799468)","POINT (-73.799468 40.685851)"
"312437345","103","QUEENS","09/05/2025","23:15:00","09/05/2025","23:30:00","COMPLETED","(null)",,"0","N.Y. POLICE DEPT","114","FELONY","FRONT OF","ARSON","(null)","PATROL BORO QUEENS SOUTH","263","ARSON 2,3,4","STREET","09/05/2025","(null)","25-44","BLACK","M",,"45-64","WHITE HISPANIC","M","1038563","192646","40.695288","-73.804138","(40.695288, -73.804138)","POINT (-73.804138 40.695288)"
"304587591","45","BRONX","11/18/2024","18:00:00",,"(null)","COMPLETED","(null)",,"97","OTHER","114","FELONY","OPPOSITE OF","ARSON","(null)","PATROL BORO BRONX","264","ARSON, MOTOR VEHICLE 1 2 3 & 4","STREET","04/11/2025","(null)","(null)","(null)","(null)",,"45-64","WHITE","M","1035349","241463","40.829298","-73.815355","(40.829298, -73.815355)","POINT (-73.815355 40.829298)"
"309868443","103","QUEENS","07/19/2025","21:10:00","07/19/2025","21:30:00","COMPLETED","(null)",,"0","N.Y. POLICE DEPT","114","FELONY","FRONT OF","ARSON","(null)","PATROL BORO QUEENS SOUTH","263","ARSON 2,3,4","GAS STATION","07/19/2025","(null)","25-44","BLACK","M",,"UNKNOWN","UNKNOWN","D","1038324","193096","40.696526","-73.804994","(40.696526, -73.804994)","POINT (-73.804994 40.696526)"
"308762860","103","QUEENS","06/26/2025","20:30:00","06/26/2025","20:40:00","COMPLETED","(null)",,"0","N.Y. POLICE DEPT","114","FELONY","INSIDE","ARSON","(null)","PATROL BORO QUEENS SOUTH","263","ARSON 2,3,4","HOMELESS SHELTER","06/28/2025","(null)","45-64","BLACK","F",,"UNKNOWN","UNKNOWN","D","1039318","196300","40.705313","-73.801385","(40.705313, -73.801385)","POINT (-73.801385 40.705313)"
"298733298","107","QUEENS","12/14/2024","09:57:00",,"(null)","COMPLETED","(null)","1233","2","N.Y. HOUSING POLICE","114","FELONY","INSIDE","ARSON","(null)","PATROL BORO QUEENS SOUTH","264","ARSON, MOTOR VEHICLE 1 2 3 & 4","RESIDENCE - PUBLIC HOUSING","01/01/2025","(null)","(null)","(null)","(null)",,"UNKNOWN","UNKNOWN","D","1035980","206038","40.732062","-73.813348","(40.732062, -73.813348)","POINT (-73.813348 40.732062)"
"299612775","107","QUEENS","01/01/2025","00:41:00","01/01/2025","02:52:00","COMPLETED","(null)",,"97","OTHER","114","FELONY","INSIDE","ARSON","(null)","PATROL BORO QUEENS SOUTH","263","ARSON 2,3,4","BANK","01/17/2025","(null)","UNKNOWN","UNKNOWN","U",,"UNKNOWN","UNKNOWN","D","1038556","202237","40.721614","-73.804083","(40.721614, -73.804083)","POINT (-73.804083 40.721614)"
"307959709","107","QUEENS","06/11/2025","00:19:00",,"(null)","COMPLETED","(null)","1233","2","N.Y. HOUSING POLICE","114","FELONY","INSIDE","ARSON","(null)","PATROL BORO QUEENS SOUTH","263","ARSON 2,3,4","RESIDENCE - PUBLIC HOUSING","06/12/2025","(null)","(null)","(null)","(null)",,"UNKNOWN","UNKNOWN","E","1036676","205770","40.731323","-73.810838","(40.731323, -73.810838)","POINT (-73.810838 40.731323)"
"298725729","107","MANHATTAN","12/10/2024","11:54:00",,"(null)","COMPLETED","(null)",,"97","OTHER","114","FELONY","INSIDE","ARSON","(null)","PATROL BORO QUEENS SOUTH","264","ARSON, MOTOR VEHICLE 1 2 3 & 4","BANK","01/01/2025","(null)","UNKNOWN","UNKNOWN","U",,"UNKNOWN","UNKNOWN","D","1042096","203811","40.725911","-73.7913","(40.725911, -73.7913)","POINT (-73.7913 40.725911)"
"299352522","101","QUEENS","01/13/2025","05:54:00","01/13/2025","05:56:00","COMPLETED","(null)",,"0","N.Y. POLICE DEPT","114","FELONY","INSIDE","ARSON","(null)","PATROL BORO QUEENS SOUTH","263","ARSON 2,3,4","RESIDENCE - APT. HOUSE","01/13/2025","(null)","65+","BLACK","F",,"45-64","BLACK","F","1043650","154674","40.591031","-73.786126","(40.591031, -73.786126)","POINT (-73.786126 40.591031)"
"299110112","113","QUEENS","12/01/2024","05:02:00",,"(null)","COMPLETED","(null)",,"97","OTHER","114","FELONY","INSIDE","ARSON","(null)","PATROL BORO QUEENS SOUTH","264","ARSON, MOTOR VEHICLE 1 2 3 & 4","RESIDENCE-HOUSE","01/08/2025","(null)","(null)","(null)","(null)",,"UNKNOWN","UNKNOWN","M","1045377","188451","40.683729","-73.779602","(40.683729, -73.779602)","POINT (-73.779602 40.683729)"
"311999683","113","QUEENS","08/10/2025","06:15:00","08/10/2025","11:17:00","COMPLETED","(null)",,"97","OTHER","114","FELONY","INSIDE","ARSON","(null)","PATROL BORO QUEENS SOUTH","263","ARSON 2,3,4","RESIDENCE - APT. HOUSE","08/23/2025","(null)","(null)","(null)","(null)",,"65+","BLACK","M","1041652","188959","40.685148","-73.793029","(40.685148, -73.793029)","POINT (-73.793029 40.685148)"
"304153496","103","QUEENS","04/01/2025","02:08:00","04/01/2025","03:03:00","COMPLETED","(null)",,"97","OTHER","114","FELONY","INSIDE","ARSON","(null)","PATROL BORO QUEENS SOUTH","263","ARSON 2,3,4","RESIDENCE - APT. HOUSE","04/04/2025","(null)","(null)","(null)","(null)",,"UNKNOWN","UNKNOWN","D","1044083","193382","40.697274","-73.784222","(40.697274, -73.784222)","POINT (-73.784222 40.697274)"
"300533155","113","QUEENS","12/14/2024","02:35:00","12/14/2024","07:32:00","COMPLETED","(null)",,"97","OTHER","114","FELONY","INSIDE","ARSON","(null)","PATROL BORO QUEENS SOUTH","263","ARSON 2,3,4","RESIDENCE-HOUSE","02/04/2025","(null)","(null)","(null)","(null)",,"UNKNOWN","UNKNOWN","D","1042850","187479","40.681079","-73.78872","(40.681079, -73.78872)","POINT (-73.78872 40.681079)"
"310717900","111","QUEENS","08/05/2025","02:36:00","08/05/2025","04:00:00","COMPLETED","(null)",,"97","OTHER","114","FELONY","INSIDE","ARSON","(null)","PATROL BORO QUEENS NORTH","263","ARSON 2,3,4","COMMERCIAL BUILDING","08/05/2025","(null)","(null)","(null)","(null)",,"65+","ASIAN / PACIFIC ISLANDER","M","1043216","215479","40.757931","-73.787155","(40.757931, -73.787155)","POINT (-73.787155 40.757931)"
"299809651","113","QUEENS","01/21/2025","14:15:00","01/21/2025","15:00:00","COMPLETED","(null)",,"0","N.Y. POLICE DEPT","114","FELONY","INSIDE","ARSON","(null)","PATROL BORO QUEENS SOUTH","263","ARSON 2,3,4","RESIDENCE-HOUSE","01/21/2025","(null)","(null)","(null)","(null)",,"UNKNOWN","UNKNOWN","E","1042020","186203","40.677581","-73.791724","(40.677581, -73.791724)","POINT (-73.791724 40.677581)"
"310712266","111","QUEENS","08/05/2025","00:32:00","08/05/2025","01:00:00","COMPLETED","(null)",,"97","OTHER","114","FELONY","INSIDE","ARSON","(null)","PATROL BORO QUEENS NORTH","263","ARSON 2,3,4","COMMERCIAL BUILDING","08/05/2025","(null)","(null)","(null)","(null)",,"UNKNOWN","ASIAN / PACIFIC ISLANDER","D","1043216","215479","40.757931","-73.787155","(40.757931, -73.787155)","POINT (-73.787155 40.757931)"
"309083911","103","QUEENS","07/03/2025","20:42:00","07/03/2025","23:21:00","COMPLETED","(null)",,"97","OTHER","114","FELONY","INSIDE","ARSON","(null)","PATROL BORO QUEENS SOUTH","263","ARSON 2,3,4","RESIDENCE - APT. HOUSE","07/04/2025","(null)","UNKNOWN","BLACK","M",,"UNKNOWN","UNKNOWN","M","1043333","194603","40.700631","-73.786916","(40.700631, -73.786916)","POINT (-73.786916 40.700631)"
"313582733","45","BRONX","09/28/2025","09:30:00","09/28/2025","10:15:00","COMPLETED","(null)",,"0","N.Y. POLICE DEPT","114","FELONY","INSIDE","ARSON","(null)","PATROL BORO BRONX","263","ARSON 2,3,4","RESIDENCE - APT. HOUSE","09/28/2025","(null)","25-44","WHITE HISPANIC","M",,"65+","WHITE","M","1043652","247553","40.84596","-73.7853","(40.84596, -73.7853)","POINT (-73.7853 40.84596)"
"304541024","111","QUEENS","04/09/2025","12:00:00","04/09/2025","12:10:00","COMPLETED","(null)",,"0","N.Y. POLICE DEPT","114","FELONY","(null)","ARSON","(null)","PATROL BORO QUEENS NORTH","264","ARSON, MOTOR VEHICLE 1 2 3 & 4","STREET","04/09/2025","(null)","UNKNOWN","WHITE","M",,"25-44","WHITE","M","1044590","216239","40.75999662","-73.78219044","(40.75999662, -73.78219044)","POINT (-73.78219044 40.75999662)"
"305838468","107","QUEENS","05/04/2025","23:45:00","05/04/2025","23:55:00","COMPLETED","(null)",,"0","N.Y. POLICE DEPT","114","FELONY","(null)","ARSON","(null)","PATROL BORO QUEENS SOUTH","264","ARSON, MOTOR VEHICLE 1 2 3 & 4","STREET","05/05/2025","(null)","UNKNOWN","WHITE HISPANIC","M",,"25-44","WHITE HISPANIC","M","1044079","200338","40.71635592","-73.78417641","(40.71635592, -73.78417641)","POINT (-73.78417641 40.71635592)"
"299996333","101","QUEENS","01/24/2025","10:00:00","01/24/2025","10:10:00","COMPLETED","(null)",,"0","N.Y. POLICE DEPT","114","FELONY","INSIDE","ARSON","(null)","PATROL BORO QUEENS SOUTH","263","ARSON 2,3,4","RESIDENCE - APT. HOUSE","01/24/2025","(null)","UNKNOWN","UNKNOWN","U",,"UNKNOWN","UNKNOWN","D","1042942","154220","40.589791","-73.788678","(40.589791, -73.788678)","POINT (-73.788678 40.589791)"
"310145796","101","QUEENS","07/23/2025","03:46:00","07/23/2025","05:41:00","COMPLETED","(null)",,"97","OTHER","114","FELONY","INSIDE","ARSON","(null)","PATROL BORO QUEENS SOUTH","263","ARSON 2,3,4","RESIDENCE-HOUSE","07/24/2025","(null)","UNKNOWN","UNKNOWN","U",,"65+","WHITE","M","1046831","156037","40.594751","-73.774658","(40.594751, -73.774658)","POINT (-73.774658 40.594751)"
"304255746","101","QUEENS","04/05/2025","22:20:00","04/05/2025","22:25:00","COMPLETED","(null)",,"0","N.Y. POLICE DEPT","114","FELONY","INSIDE","ARSON","(null)","PATROL BORO QUEENS SOUTH","263","ARSON 2,3,4","RESIDENCE - APT. HOUSE","04/05/2025","(null)","25-44","BLACK","F",,"45-64","BLACK","M","1052289","156208","40.595181","-73.755004","(40.595181, -73.755004)","POINT (-73.755004 40.595181)"
"306124965","101","QUEENS","12/25/2024","23:20:00","12/26/2024","00:20:00","COMPLETED","(null)",,"0","N.Y. POLICE DEPT","114","FELONY","OPPOSITE OF","ARSON","(null)","PATROL BORO QUEENS SOUTH","264","ARSON, MOTOR VEHICLE 1 2 3 & 4","STREET","05/09/2025","(null)","(null)","(null)","(null)",,"UNKNOWN","UNKNOWN","M","1053231","160665","40.607405","-73.751566","(40.607405, -73.751566)","POINT (-73.751566 40.607405)"
"308594327","113","QUEENS","06/25/2025","02:27:00","06/25/2025","02:29:00","COMPLETED","(null)",,"0","N.Y. POLICE DEPT","114","FELONY","(null)","ARSON","(null)","PATROL BORO QUEENS SOUTH","264","ARSON, MOTOR VEHICLE 1 2 3 & 4","STREET","06/25/2025","(null)","UNKNOWN","UNKNOWN","U",,"25-44","BLACK","F","1049068","187824","40.68197289","-73.7662999","(40.68197289, -73.7662999)","POINT (-73.7662999 40.68197289)"
"307408590","101","QUEENS","05/30/2025","16:00:00","06/02/2025","06:35:00","COMPLETED","(null)",,"0","N.Y. POLICE DEPT","114","FELONY","(null)","ARSON","(null)","PATROL BORO QUEENS SOUTH","264","ARSON, MOTOR VEHICLE 1 2 3 & 4","CONSTRUCTION SITE","06/02/2025","(null)","UNKNOWN","UNKNOWN","U",,"UNKNOWN","UNKNOWN","D","1049611","156432","40.59580489","-73.76464623","(40.59580489, -73.76464623)","POINT (-73.76464623 40.59580489)"
"300755972","113","QUEENS","01/25/2025","01:00:00","01/25/2025","01:05:00","COMPLETED","(null)",,"0","N.Y. POLICE DEPT","114","FELONY","FRONT OF","ARSON","(null)","PATROL BORO QUEENS SOUTH","264","ARSON, MOTOR VEHICLE 1 2 3 & 4","STREET","02/08/2025","(null)","(null)","(null)","(null)",,"18-24","ASIAN / PACIFIC ISLANDER","M","1050680","188271","40.683198","-73.760483","(40.683198, -73.760483)","POINT (-73.760483 40.683198)"
"313132321","116","QUEENS","09/18/2025","13:38:00","09/18/2025","13:40:00","COMPLETED","(null)",,"0","N.Y. POLICE DEPT","114","FELONY","INSIDE","ARSON","(null)","PATROL BORO QUEENS SOUTH","263","ARSON 2,3,4","RESIDENCE-HOUSE","09/18/2025","(null)","UNKNOWN","UNKNOWN","U",,"UNKNOWN","UNKNOWN","E","1049129","181500","40.664624","-73.766139","(40.664624, -73.766139)","POINT (-73.766139 40.664624)"
"312865200","113","QUEENS","09/14/2025","03:00:00","09/14/2025","03:05:00","COMPLETED","(null)",,"0","N.Y. POLICE DEPT","114","FELONY","(null)","ARSON","(null)","PATROL BORO QUEENS SOUTH","264","ARSON, MOTOR VEHICLE 1 2 3 & 4","STREET","09/14/2025","(null)","UNKNOWN","UNKNOWN","M",,"25-44","ASIAN / PACIFIC ISLANDER","M","1049730","187972","40.68237424","-73.76391165","(40.68237424, -73.76391165)","POINT (-73.76391165 40.68237424)"
"301470492","113","QUEENS","02/16/2025","07:00:00","02/16/2025","07:33:00","COMPLETED","(null)",,"97","OTHER","114","FELONY","INSIDE","ARSON","(null)","PATROL BORO QUEENS SOUTH","263","ARSON 2,3,4","RESIDENCE-HOUSE","02/21/2025","(null)","(null)","(null)","(null)",,"UNKNOWN","UNKNOWN","M","1051697","190399","40.689032","-73.756793","(40.689032, -73.756793)","POINT (-73.756793 40.689032)"
"311905636","101","QUEENS","08/25/2025","00:12:00","08/26/2025","00:00:00","COMPLETED","(null)",,"0","N.Y. POLICE DEPT","114","FELONY","INSIDE","ARSON","(null)","PATROL BORO QUEENS SOUTH","263","ARSON 2,3,4","OTHER","08/26/2025","(null)","(null)","(null)","(null)",,"UNKNOWN","BLACK","M","1052910","160200","40.606132","-73.752727","(40.606132, -73.752727)","POINT (-73.752727 40.606132)"
"310777433","103","QUEENS","08/06/2025","00:59:00",,"(null)","COMPLETED","(null)",,"0","N.Y. POLICE DEPT","114","FELONY","INSIDE","ARSON","(null)","PATROL BORO QUEENS SOUTH","263","ARSON 2,3,4","RESIDENCE - APT. HOUSE","08/06/2025","(null)","25-44","BLACK","F",,"25-44","BLACK","M","1049192","198902","40.712389","-73.765746","(40.712389, -73.765746)","POINT (-73.765746 40.712389)"
"304445063","103","QUEENS","03/18/2025","02:49:00","03/18/2025","03:32:00","COMPLETED","(null)",,"97","OTHER","114","FELONY","FRONT OF","ARSON","(null)","PATROL BORO QUEENS SOUTH","264","ARSON, MOTOR VEHICLE 1 2 3 & 4","RESIDENCE-HOUSE","04/09/2025","(null)","(null)","(null)","(null)",,"65+","BLACK","M","1049856","200394","40.716478","-73.763335","(40.716478, -73.763335)","POINT (-73.763335 40.716478)"
"305926514","116","QUEENS","05/06/2025","13:40:00","05/06/2025","14:09:00","COMPLETED","(null)",,"0","N.Y. POLICE DEPT","114","FELONY","INSIDE","ARSON","(null)","PATROL BORO QUEENS SOUTH","263","ARSON 2,3,4","RESIDENCE-HOUSE","05/06/2025","(null)","25-44","BLACK HISPANIC","M",,"25-44","BLACK HISPANIC","F","1052951","182660","40.667781","-73.752353","(40.667781, -73.752353)","POINT (-73.752353 40.667781)"
"311508494","101","QUEENS","08/18/2025","15:00:00","08/19/2025","10:00:00","COMPLETED","(null)",,"97","OTHER","114","FELONY","INSIDE","ARSON","(null)","PATROL BORO QUEENS SOUTH","263","ARSON 2,3,4","RESIDENCE-HOUSE","08/20/2025","(null)","UNKNOWN","UNKNOWN","M",,"65+","WHITE HISPANIC","M","1048909","160353","40.606581","-73.767137","(40.606581, -73.767137)","POINT (-73.767137 40.606581)"
"312926149","105","QUEENS","08/17/2025","04:01:00","08/17/2025","04:06:00","COMPLETED","(null)",,"0","N.Y. POLICE DEPT","114","FELONY","INSIDE","ARSON","(null)","PATROL BORO QUEENS SOUTH","263","ARSON 2,3,4","HOTEL/MOTEL","09/15/2025","(null)","UNKNOWN","UNKNOWN","M",,"UNKNOWN","UNKNOWN","D","1058661","198871","40.712228","-73.731591","(40.712228, -73.731591)","POINT (-73.731591 40.712228)"
"308793651","105","QUEENS","06/08/2025","14:36:00","06/08/2025","14:36:00","COMPLETED","(null)",,"97","OTHER","114","FELONY","REAR OF","ARSON","(null)","PATROL BORO QUEENS SOUTH","263","ARSON 2,3,4","RESIDENCE-HOUSE","06/29/2025","(null)","(null)","(null)","(null)",,"25-44","ASIAN / PACIFIC ISLANDER","M","1065206","208077","40.737439","-73.70787","(40.737439, -73.70787)","POINT (-73.70787 40.737439)"
"308383756","101","QUEENS","12/16/2024","05:56:00",,"(null)","COMPLETED","(null)",,"97","OTHER","114","FELONY","INSIDE","ARSON","(null)","PATROL BORO QUEENS SOUTH","264","ARSON, MOTOR VEHICLE 1 2 3 & 4","RESIDENCE - APT. HOUSE","06/20/2025","(null)","(null)","(null)","(null)",,"UNKNOWN","UNKNOWN","D","1054851","159084","40.603054","-73.745749","(40.603054, -73.745749)","POINT (-73.745749 40.603054)"
"306613146","105","QUEENS","05/17/2025","22:30:00","05/17/2025","23:00:00","COMPLETED","(null)",,"0","N.Y. POLICE DEPT","114","FELONY","REAR OF","ARSON","(null)","PATROL BORO QUEENS SOUTH","263","ARSON 2,3,4","BAR/NIGHT CLUB","05/18/2025","(null)","UNKNOWN","BLACK","M",,"UNKNOWN","UNKNOWN","D","1059048","191407","40.691739","-73.730276","(40.691739, -73.730276)","POINT (-73.730276 40.691739)"
